Country Name,Country ISO3,Year,Indicator Name,Indicator Code,Value
Kenya,KEN,2019,Energy intensity level of primary energy (MJ/$2017 PPP GDP),EG.EGY.PRIM.PP.KD,5.31
Kenya,KEN,2018,Energy intensity level of primary energy (MJ/$2017 PPP GDP),EG.EGY.PRIM.PP.KD,5.26
Kenya,KEN,2017,Energy intensity level of primary energy (MJ/$2017 PPP GDP),EG.EGY.PRIM.PP.KD,5.56
Kenya,KEN,2016,Energy intensity level of primary energy (MJ/$2017 PPP GDP),EG.EGY.PRIM.PP.KD,5.62
Kenya,KEN,2015,Energy intensity level of primary energy (MJ/$2017 PPP GDP),EG.EGY.PRIM.PP.KD,5.8
Kenya,KEN,2014,Energy intensity level of primary energy (MJ/$2017 PPP GDP),EG.EGY.PRIM.PP.KD,5.78
Kenya,KEN,2013,Energy intensity level of primary energy (MJ/$2017 PPP GDP),EG.EGY.PRIM.PP.KD,5.51
Kenya,KEN,2012,Energy intensity level of primary energy (MJ/$2017 PPP GDP),EG.EGY.PRIM.PP.KD,5.49
Kenya,KEN,2011,Energy intensity level of primary energy (MJ/$2017 PPP GDP),EG.EGY.PRIM.PP.KD,5.67
Kenya,KEN,2010,Energy intensity level of primary energy (MJ/$2017 PPP GDP),EG.EGY.PRIM.PP.KD,5.9
Kenya,KEN,2009,Energy intensity level of primary energy (MJ/$2017 PPP GDP),EG.EGY.PRIM.PP.KD,6.12
Kenya,KEN,2008,Energy intensity level of primary energy (MJ/$2017 PPP GDP),EG.EGY.PRIM.PP.KD,5.97
Kenya,KEN,2007,Energy intensity level of primary energy (MJ/$2017 PPP GDP),EG.EGY.PRIM.PP.KD,5.77
Kenya,KEN,2006,Energy intensity level of primary energy (MJ/$2017 PPP GDP),EG.EGY.PRIM.PP.KD,6.03
Kenya,KEN,2005,Energy intensity level of primary energy (MJ/$2017 PPP GDP),EG.EGY.PRIM.PP.KD,6.15
Kenya,KEN,2004,Energy intensity level of primary energy (MJ/$2017 PPP GDP),EG.EGY.PRIM.PP.KD,6.28
Kenya,KEN,2003,Energy intensity level of primary energy (MJ/$2017 PPP GDP),EG.EGY.PRIM.PP.KD,6.28
Kenya,KEN,2002,Energy intensity level of primary energy (MJ/$2017 PPP GDP),EG.EGY.PRIM.PP.KD,6.32
Kenya,KEN,2001,Energy intensity level of primary energy (MJ/$2017 PPP GDP),EG.EGY.PRIM.PP.KD,6.26
Kenya,KEN,2000,Energy intensity level of primary energy (MJ/$2017 PPP GDP),EG.EGY.PRIM.PP.KD,6.4
Kenya,KEN,2020,"Access to electricity, rural (% of rural population)",EG.ELC.ACCS.RU.ZS,62.67134094
Kenya,KEN,2019,"Access to electricity, rural (% of rural population)",EG.ELC.ACCS.RU.ZS,61.69374084
Kenya,KEN,2018,"Access to electricity, rural (% of rural population)",EG.ELC.ACCS.RU.ZS,51.61517715
Kenya,KEN,2017,"Access to electricity, rural (% of rural population)",EG.ELC.ACCS.RU.ZS,45.88040543
Kenya,KEN,2016,"Access to electricity, rural (% of rural population)",EG.ELC.ACCS.RU.ZS,42.07792664
Kenya,KEN,2015,"Access to electricity, rural (% of rural population)",EG.ELC.ACCS.RU.ZS,29.00258636
Kenya,KEN,2014,"Access to electricity, rural (% of rural population)",EG.ELC.ACCS.RU.ZS,25.07232857
Kenya,KEN,2013,"Access to electricity, rural (% of rural population)",EG.ELC.ACCS.RU.ZS,29.08792877
Kenya,KEN,2012,"Access to electricity, rural (% of rural population)",EG.ELC.ACCS.RU.ZS,27.30020332
Kenya,KEN,2011,"Access to electricity, rural (% of rural population)",EG.ELC.ACCS.RU.ZS,25.5358448
Kenya,KEN,2010,"Access to electricity, rural (% of rural population)",EG.ELC.ACCS.RU.ZS,7.172247887
Kenya,KEN,2009,"Access to electricity, rural (% of rural population)",EG.ELC.ACCS.RU.ZS,10.14352512
Kenya,KEN,2008,"Access to electricity, rural (% of rural population)",EG.ELC.ACCS.RU.ZS,20.34333038
Kenya,KEN,2007,"Access to electricity, rural (% of rural population)",EG.ELC.ACCS.RU.ZS,18.63225174
Kenya,KEN,2006,"Access to electricity, rural (% of rural population)",EG.ELC.ACCS.RU.ZS,16.92241096
Kenya,KEN,2005,"Access to electricity, rural (% of rural population)",EG.ELC.ACCS.RU.ZS,15.20899582
Kenya,KEN,2004,"Access to electricity, rural (% of rural population)",EG.ELC.ACCS.RU.ZS,13.48801994
Kenya,KEN,2003,"Access to electricity, rural (% of rural population)",EG.ELC.ACCS.RU.ZS,6.937337399
Kenya,KEN,2002,"Access to electricity, rural (% of rural population)",EG.ELC.ACCS.RU.ZS,10.020854
Kenya,KEN,2001,"Access to electricity, rural (% of rural population)",EG.ELC.ACCS.RU.ZS,8.271901131
Kenya,KEN,2000,"Access to electricity, rural (% of rural population)",EG.ELC.ACCS.RU.ZS,6.511404037
Kenya,KEN,1999,"Access to electricity, rural (% of rural population)",EG.ELC.ACCS.RU.ZS,4.72589861
Kenya,KEN,1998,"Access to electricity, rural (% of rural population)",EG.ELC.ACCS.RU.ZS,6.647292251
Kenya,KEN,1997,"Access to electricity, rural (% of rural population)",EG.ELC.ACCS.RU.ZS,1.10441838
Kenya,KEN,1993,"Access to electricity, rural (% of rural population)",EG.ELC.ACCS.RU.ZS,4.129531249
Kenya,KEN,2020,"Access to electricity, urban (% of urban population)",EG.ELC.ACCS.UR.ZS,93.98622131
Kenya,KEN,2019,"Access to electricity, urban (% of urban population)",EG.ELC.ACCS.UR.ZS,90.80000305
Kenya,KEN,2018,"Access to electricity, urban (% of urban population)",EG.ELC.ACCS.UR.ZS,87.38800049
Kenya,KEN,2017,"Access to electricity, urban (% of urban population)",EG.ELC.ACCS.UR.ZS,83.88960266
Kenya,KEN,2016,"Access to electricity, urban (% of urban population)",EG.ELC.ACCS.UR.ZS,84.30000305
Kenya,KEN,2015,"Access to electricity, urban (% of urban population)",EG.ELC.ACCS.UR.ZS,78.09999847
Kenya,KEN,2014,"Access to electricity, urban (% of urban population)",EG.ELC.ACCS.UR.ZS,68.40000153
Kenya,KEN,2013,"Access to electricity, urban (% of urban population)",EG.ELC.ACCS.UR.ZS,72.96216583
Kenya,KEN,2012,"Access to electricity, urban (% of urban population)",EG.ELC.ACCS.UR.ZS,71.15794373
Kenya,KEN,2011,"Access to electricity, urban (% of urban population)",EG.ELC.ACCS.UR.ZS,69.34163666
Kenya,KEN,2010,"Access to electricity, urban (% of urban population)",EG.ELC.ACCS.UR.ZS,58.20000076
Kenya,KEN,2009,"Access to electricity, urban (% of urban population)",EG.ELC.ACCS.UR.ZS,65.59999847
Kenya,KEN,2008,"Access to electricity, urban (% of urban population)",EG.ELC.ACCS.UR.ZS,63.86946869
Kenya,KEN,2007,"Access to electricity, urban (% of urban population)",EG.ELC.ACCS.UR.ZS,62.05661774
Kenya,KEN,2006,"Access to electricity, urban (% of urban population)",EG.ELC.ACCS.UR.ZS,60.2588501
Kenya,KEN,2005,"Access to electricity, urban (% of urban population)",EG.ELC.ACCS.UR.ZS,58.48184967
Kenya,KEN,2004,"Access to electricity, urban (% of urban population)",EG.ELC.ACCS.UR.ZS,56.72919846
Kenya,KEN,2003,"Access to electricity, urban (% of urban population)",EG.ELC.ACCS.UR.ZS,50.20000076
Kenya,KEN,2002,"Access to electricity, urban (% of urban population)",EG.ELC.ACCS.UR.ZS,53.27547836
Kenya,KEN,2001,"Access to electricity, urban (% of urban population)",EG.ELC.ACCS.UR.ZS,51.56052017
Kenya,KEN,2000,"Access to electricity, urban (% of urban population)",EG.ELC.ACCS.UR.ZS,49.84423447
Kenya,KEN,1999,"Access to electricity, urban (% of urban population)",EG.ELC.ACCS.UR.ZS,48.11716843
Kenya,KEN,1998,"Access to electricity, urban (% of urban population)",EG.ELC.ACCS.UR.ZS,47.5
Kenya,KEN,1997,"Access to electricity, urban (% of urban population)",EG.ELC.ACCS.UR.ZS,44.61113739
Kenya,KEN,1996,"Access to electricity, urban (% of urban population)",EG.ELC.ACCS.UR.ZS,42.82894897
Kenya,KEN,1995,"Access to electricity, urban (% of urban population)",EG.ELC.ACCS.UR.ZS,41.0309639
Kenya,KEN,1994,"Access to electricity, urban (% of urban population)",EG.ELC.ACCS.UR.ZS,39.22034073
Kenya,KEN,1993,"Access to electricity, urban (% of urban population)",EG.ELC.ACCS.UR.ZS,42.5
Kenya,KEN,2020,Access to electricity (% of population),EG.ELC.ACCS.ZS,71.4379425
Kenya,KEN,2019,Access to electricity (% of population),EG.ELC.ACCS.ZS,69.69999695
Kenya,KEN,2018,Access to electricity (% of population),EG.ELC.ACCS.ZS,61.2845726
Kenya,KEN,2017,Access to electricity (% of population),EG.ELC.ACCS.ZS,55.97640991
Kenya,KEN,2016,Access to electricity (% of population),EG.ELC.ACCS.ZS,53.09999847
Kenya,KEN,2015,Access to electricity (% of population),EG.ELC.ACCS.ZS,41.59999847
Kenya,KEN,2014,Access to electricity (% of population),EG.ELC.ACCS.ZS,36
Kenya,KEN,2013,Access to electricity (% of population),EG.ELC.ACCS.ZS,39.96610641
Kenya,KEN,2012,Access to electricity (% of population),EG.ELC.ACCS.ZS,37.9909668
Kenya,KEN,2011,Access to electricity (% of population),EG.ELC.ACCS.ZS,36.03565598
Kenya,KEN,2010,Access to electricity (% of population),EG.ELC.ACCS.ZS,19.20000076
Kenya,KEN,2009,Access to electricity (% of population),EG.ELC.ACCS.ZS,23
Kenya,KEN,2008,Access to electricity (% of population),EG.ELC.ACCS.ZS,30.26729012
Kenya,KEN,2007,Access to electricity (% of population),EG.ELC.ACCS.ZS,28.36799431
Kenya,KEN,2006,Access to electricity (% of population),EG.ELC.ACCS.ZS,26.47592926
Kenya,KEN,2005,Access to electricity (% of population),EG.ELC.ACCS.ZS,24.58838654
Kenya,KEN,2004,Access to electricity (% of population),EG.ELC.ACCS.ZS,22.70271492
Kenya,KEN,2003,Access to electricity (% of population),EG.ELC.ACCS.ZS,16
Kenya,KEN,2002,Access to electricity (% of population),EG.ELC.ACCS.ZS,18.92741394
Kenya,KEN,2001,Access to electricity (% of population),EG.ELC.ACCS.ZS,17.03308487
Kenya,KEN,2000,Access to electricity (% of population),EG.ELC.ACCS.ZS,15.13117123
Kenya,KEN,1999,Access to electricity (% of population),EG.ELC.ACCS.ZS,13.20889187
Kenya,KEN,1998,Access to electricity (% of population),EG.ELC.ACCS.ZS,14.5
Kenya,KEN,1997,Access to electricity (% of population),EG.ELC.ACCS.ZS,9.326317787
Kenya,KEN,1996,Access to electricity (% of population),EG.ELC.ACCS.ZS,7.378530502
Kenya,KEN,1995,Access to electricity (% of population),EG.ELC.ACCS.ZS,5.427343369
Kenya,KEN,1994,Access to electricity (% of population),EG.ELC.ACCS.ZS,3.473436832
Kenya,KEN,1993,Access to electricity (% of population),EG.ELC.ACCS.ZS,10.9
Kenya,KEN,2018,Renewable energy consumption (% of total final energy consumption),EG.FEC.RNEW.ZS,72.27149963
Kenya,KEN,2017,Renewable energy consumption (% of total final energy consumption),EG.FEC.RNEW.ZS,71.32009888
Kenya,KEN,2016,Renewable energy consumption (% of total final energy consumption),EG.FEC.RNEW.ZS,70.97370148
Kenya,KEN,2015,Renewable energy consumption (% of total final energy consumption),EG.FEC.RNEW.ZS,72.03209686
Kenya,KEN,2014,Renewable energy consumption (% of total final energy consumption),EG.FEC.RNEW.ZS,74.94120026
Kenya,KEN,2013,Renewable energy consumption (% of total final energy consumption),EG.FEC.RNEW.ZS,76.7303009
Kenya,KEN,2012,Renewable energy consumption (% of total final energy consumption),EG.FEC.RNEW.ZS,78.7098999
Kenya,KEN,2011,Renewable energy consumption (% of total final energy consumption),EG.FEC.RNEW.ZS,77.30780029
Kenya,KEN,2010,Renewable energy consumption (% of total final energy consumption),EG.FEC.RNEW.ZS,76.49829865
Kenya,KEN,2009,Renewable energy consumption (% of total final energy consumption),EG.FEC.RNEW.ZS,78.35040283
Kenya,KEN,2008,Renewable energy consumption (% of total final energy consumption),EG.FEC.RNEW.ZS,80.64489746
Kenya,KEN,2007,Renewable energy consumption (% of total final energy consumption),EG.FEC.RNEW.ZS,80.34600067
Kenya,KEN,2006,Renewable energy consumption (% of total final energy consumption),EG.FEC.RNEW.ZS,79.8266983
Kenya,KEN,2005,Renewable energy consumption (% of total final energy consumption),EG.FEC.RNEW.ZS,81.25859833
Kenya,KEN,2004,Renewable energy consumption (% of total final energy consumption),EG.FEC.RNEW.ZS,82.30110168
Kenya,KEN,2003,Renewable energy consumption (% of total final energy consumption),EG.FEC.RNEW.ZS,83.24859619
Kenya,KEN,2002,Renewable energy consumption (% of total final energy consumption),EG.FEC.RNEW.ZS,80.58049774
Kenya,KEN,2001,Renewable energy consumption (% of total final energy consumption),EG.FEC.RNEW.ZS,80.18119812
Kenya,KEN,2000,Renewable energy consumption (% of total final energy consumption),EG.FEC.RNEW.ZS,78.85759735
Kenya,KEN,1999,Renewable energy consumption (% of total final energy consumption),EG.FEC.RNEW.ZS,79.45869997
Kenya,KEN,1998,Renewable energy consumption (% of total final energy consumption),EG.FEC.RNEW.ZS,79.67732846
Kenya,KEN,1997,Renewable energy consumption (% of total final energy consumption),EG.FEC.RNEW.ZS,79.53796915
Kenya,KEN,1996,Renewable energy consumption (% of total final energy consumption),EG.FEC.RNEW.ZS,78.73470094
Kenya,KEN,1995,Renewable energy consumption (% of total final energy consumption),EG.FEC.RNEW.ZS,79.51198685
Kenya,KEN,1994,Renewable energy consumption (% of total final energy consumption),EG.FEC.RNEW.ZS,80.83032369
Kenya,KEN,1993,Renewable energy consumption (% of total final energy consumption),EG.FEC.RNEW.ZS,80.20642471
Kenya,KEN,1992,Renewable energy consumption (% of total final energy consumption),EG.FEC.RNEW.ZS,79.44379516
Kenya,KEN,1991,Renewable energy consumption (% of total final energy consumption),EG.FEC.RNEW.ZS,78.82613152
Kenya,KEN,1990,Renewable energy consumption (% of total final energy consumption),EG.FEC.RNEW.ZS,77.5040046
Kenya,KEN,2016,CO2 emissions from gaseous fuel consumption (% of total),EN.ATM.CO2E.GF.ZS,0
Kenya,KEN,2015,CO2 emissions from gaseous fuel consumption (% of total),EN.ATM.CO2E.GF.ZS,0
Kenya,KEN,2014,CO2 emissions from gaseous fuel consumption (% of total),EN.ATM.CO2E.GF.ZS,0
Kenya,KEN,2013,CO2 emissions from gaseous fuel consumption (% of total),EN.ATM.CO2E.GF.ZS,0
Kenya,KEN,2012,CO2 emissions from gaseous fuel consumption (% of total),EN.ATM.CO2E.GF.ZS,0
Kenya,KEN,2011,CO2 emissions from gaseous fuel consumption (% of total),EN.ATM.CO2E.GF.ZS,0
Kenya,KEN,2010,CO2 emissions from gaseous fuel consumption (% of total),EN.ATM.CO2E.GF.ZS,0
Kenya,KEN,2009,CO2 emissions from gaseous fuel consumption (% of total),EN.ATM.CO2E.GF.ZS,0
Kenya,KEN,2008,CO2 emissions from gaseous fuel consumption (% of total),EN.ATM.CO2E.GF.ZS,0
Kenya,KEN,2007,CO2 emissions from gaseous fuel consumption (% of total),EN.ATM.CO2E.GF.ZS,0
Kenya,KEN,2006,CO2 emissions from gaseous fuel consumption (% of total),EN.ATM.CO2E.GF.ZS,0
Kenya,KEN,2005,CO2 emissions from gaseous fuel consumption (% of total),EN.ATM.CO2E.GF.ZS,0
Kenya,KEN,2004,CO2 emissions from gaseous fuel consumption (% of total),EN.ATM.CO2E.GF.ZS,0
Kenya,KEN,2003,CO2 emissions from gaseous fuel consumption (% of total),EN.ATM.CO2E.GF.ZS,0
Kenya,KEN,2002,CO2 emissions from gaseous fuel consumption (% of total),EN.ATM.CO2E.GF.ZS,0
Kenya,KEN,2001,CO2 emissions from gaseous fuel consumption (% of total),EN.ATM.CO2E.GF.ZS,0
Kenya,KEN,2000,CO2 emissions from gaseous fuel consumption (% of total),EN.ATM.CO2E.GF.ZS,0
Kenya,KEN,1999,CO2 emissions from gaseous fuel consumption (% of total),EN.ATM.CO2E.GF.ZS,0
Kenya,KEN,1998,CO2 emissions from gaseous fuel consumption (% of total),EN.ATM.CO2E.GF.ZS,0
Kenya,KEN,1997,CO2 emissions from gaseous fuel consumption (% of total),EN.ATM.CO2E.GF.ZS,0
Kenya,KEN,1996,CO2 emissions from gaseous fuel consumption (% of total),EN.ATM.CO2E.GF.ZS,0
Kenya,KEN,1995,CO2 emissions from gaseous fuel consumption (% of total),EN.ATM.CO2E.GF.ZS,0
Kenya,KEN,1994,CO2 emissions from gaseous fuel consumption (% of total),EN.ATM.CO2E.GF.ZS,0
Kenya,KEN,1993,CO2 emissions from gaseous fuel consumption (% of total),EN.ATM.CO2E.GF.ZS,0
Kenya,KEN,1992,CO2 emissions from gaseous fuel consumption (% of total),EN.ATM.CO2E.GF.ZS,0
Kenya,KEN,1991,CO2 emissions from gaseous fuel consumption (% of total),EN.ATM.CO2E.GF.ZS,0
Kenya,KEN,1990,CO2 emissions from gaseous fuel consumption (% of total),EN.ATM.CO2E.GF.ZS,0
Kenya,KEN,1989,CO2 emissions from gaseous fuel consumption (% of total),EN.ATM.CO2E.GF.ZS,0
Kenya,KEN,1988,CO2 emissions from gaseous fuel consumption (% of total),EN.ATM.CO2E.GF.ZS,0
Kenya,KEN,1987,CO2 emissions from gaseous fuel consumption (% of total),EN.ATM.CO2E.GF.ZS,0
Kenya,KEN,1986,CO2 emissions from gaseous fuel consumption (% of total),EN.ATM.CO2E.GF.ZS,0
Kenya,KEN,1985,CO2 emissions from gaseous fuel consumption (% of total),EN.ATM.CO2E.GF.ZS,0
Kenya,KEN,1984,CO2 emissions from gaseous fuel consumption (% of total),EN.ATM.CO2E.GF.ZS,0
Kenya,KEN,1983,CO2 emissions from gaseous fuel consumption (% of total),EN.ATM.CO2E.GF.ZS,0
Kenya,KEN,1982,CO2 emissions from gaseous fuel consumption (% of total),EN.ATM.CO2E.GF.ZS,0
Kenya,KEN,1981,CO2 emissions from gaseous fuel consumption (% of total),EN.ATM.CO2E.GF.ZS,0
Kenya,KEN,1980,CO2 emissions from gaseous fuel consumption (% of total),EN.ATM.CO2E.GF.ZS,0
Kenya,KEN,1979,CO2 emissions from gaseous fuel consumption (% of total),EN.ATM.CO2E.GF.ZS,0
Kenya,KEN,1978,CO2 emissions from gaseous fuel consumption (% of total),EN.ATM.CO2E.GF.ZS,0
Kenya,KEN,1977,CO2 emissions from gaseous fuel consumption (% of total),EN.ATM.CO2E.GF.ZS,0
Kenya,KEN,1976,CO2 emissions from gaseous fuel consumption (% of total),EN.ATM.CO2E.GF.ZS,0
Kenya,KEN,1975,CO2 emissions from gaseous fuel consumption (% of total),EN.ATM.CO2E.GF.ZS,0
Kenya,KEN,1974,CO2 emissions from gaseous fuel consumption (% of total),EN.ATM.CO2E.GF.ZS,0
Kenya,KEN,1973,CO2 emissions from gaseous fuel consumption (% of total),EN.ATM.CO2E.GF.ZS,0
Kenya,KEN,1972,CO2 emissions from gaseous fuel consumption (% of total),EN.ATM.CO2E.GF.ZS,0
Kenya,KEN,1971,CO2 emissions from gaseous fuel consumption (% of total),EN.ATM.CO2E.GF.ZS,0
Kenya,KEN,1970,CO2 emissions from gaseous fuel consumption (% of total),EN.ATM.CO2E.GF.ZS,0
Kenya,KEN,1969,CO2 emissions from gaseous fuel consumption (% of total),EN.ATM.CO2E.GF.ZS,0
Kenya,KEN,1968,CO2 emissions from gaseous fuel consumption (% of total),EN.ATM.CO2E.GF.ZS,0
Kenya,KEN,1967,CO2 emissions from gaseous fuel consumption (% of total),EN.ATM.CO2E.GF.ZS,0
Kenya,KEN,1966,CO2 emissions from gaseous fuel consumption (% of total),EN.ATM.CO2E.GF.ZS,0
Kenya,KEN,1965,CO2 emissions from gaseous fuel consumption (% of total),EN.ATM.CO2E.GF.ZS,0
Kenya,KEN,1964,CO2 emissions from gaseous fuel consumption (% of total),EN.ATM.CO2E.GF.ZS,0
Kenya,KEN,1963,CO2 emissions from gaseous fuel consumption (% of total),EN.ATM.CO2E.GF.ZS,0
Kenya,KEN,1962,CO2 emissions from gaseous fuel consumption (% of total),EN.ATM.CO2E.GF.ZS,0
Kenya,KEN,1961,CO2 emissions from gaseous fuel consumption (% of total),EN.ATM.CO2E.GF.ZS,0
Kenya,KEN,1960,CO2 emissions from gaseous fuel consumption (% of total),EN.ATM.CO2E.GF.ZS,0
Kenya,KEN,2016,CO2 emissions from liquid fuel consumption (kt),EN.ATM.CO2E.LF.KT,13263.539
Kenya,KEN,2015,CO2 emissions from liquid fuel consumption (kt),EN.ATM.CO2E.LF.KT,12530.139
Kenya,KEN,2014,CO2 emissions from liquid fuel consumption (kt),EN.ATM.CO2E.LF.KT,10252.932
Kenya,KEN,2013,CO2 emissions from liquid fuel consumption (kt),EN.ATM.CO2E.LF.KT,9801.891
Kenya,KEN,2012,CO2 emissions from liquid fuel consumption (kt),EN.ATM.CO2E.LF.KT,9292.178
Kenya,KEN,2011,CO2 emissions from liquid fuel consumption (kt),EN.ATM.CO2E.LF.KT,10208.928
Kenya,KEN,2010,CO2 emissions from liquid fuel consumption (kt),EN.ATM.CO2E.LF.KT,9695.548
Kenya,KEN,2009,CO2 emissions from liquid fuel consumption (kt),EN.ATM.CO2E.LF.KT,10329.939
Kenya,KEN,2008,CO2 emissions from liquid fuel consumption (kt),EN.ATM.CO2E.LF.KT,8419.432
Kenya,KEN,2007,CO2 emissions from liquid fuel consumption (kt),EN.ATM.CO2E.LF.KT,8159.075
Kenya,KEN,2006,CO2 emissions from liquid fuel consumption (kt),EN.ATM.CO2E.LF.KT,8045.398
Kenya,KEN,2005,CO2 emissions from liquid fuel consumption (kt),EN.ATM.CO2E.LF.KT,7172.652
Kenya,KEN,2004,CO2 emissions from liquid fuel consumption (kt),EN.ATM.CO2E.LF.KT,6446.586
Kenya,KEN,2003,CO2 emissions from liquid fuel consumption (kt),EN.ATM.CO2E.LF.KT,5683.85
Kenya,KEN,2002,CO2 emissions from liquid fuel consumption (kt),EN.ATM.CO2E.LF.KT,6970.967
Kenya,KEN,2001,CO2 emissions from liquid fuel consumption (kt),EN.ATM.CO2E.LF.KT,8536.776
Kenya,KEN,2000,CO2 emissions from liquid fuel consumption (kt),EN.ATM.CO2E.LF.KT,9669.879
Kenya,KEN,1999,CO2 emissions from liquid fuel consumption (kt),EN.ATM.CO2E.LF.KT,9259.175
Kenya,KEN,1998,CO2 emissions from liquid fuel consumption (kt),EN.ATM.CO2E.LF.KT,9130.83
Kenya,KEN,1997,CO2 emissions from liquid fuel consumption (kt),EN.ATM.CO2E.LF.KT,7271.661
Kenya,KEN,1996,CO2 emissions from liquid fuel consumption (kt),EN.ATM.CO2E.LF.KT,8071.067
Kenya,KEN,1995,CO2 emissions from liquid fuel consumption (kt),EN.ATM.CO2E.LF.KT,6406.249
Kenya,KEN,1994,CO2 emissions from liquid fuel consumption (kt),EN.ATM.CO2E.LF.KT,5540.837
Kenya,KEN,1993,CO2 emissions from liquid fuel consumption (kt),EN.ATM.CO2E.LF.KT,5291.481
Kenya,KEN,1992,CO2 emissions from liquid fuel consumption (kt),EN.ATM.CO2E.LF.KT,4367.397
Kenya,KEN,1991,CO2 emissions from liquid fuel consumption (kt),EN.ATM.CO2E.LF.KT,3777.01
Kenya,KEN,1990,CO2 emissions from liquid fuel consumption (kt),EN.ATM.CO2E.LF.KT,4668.091
Kenya,KEN,1989,CO2 emissions from liquid fuel consumption (kt),EN.ATM.CO2E.LF.KT,4235.385
Kenya,KEN,1988,CO2 emissions from liquid fuel consumption (kt),EN.ATM.CO2E.LF.KT,3868.685
Kenya,KEN,1987,CO2 emissions from liquid fuel consumption (kt),EN.ATM.CO2E.LF.KT,4272.055
Kenya,KEN,1986,CO2 emissions from liquid fuel consumption (kt),EN.ATM.CO2E.LF.KT,3281.965
Kenya,KEN,1985,CO2 emissions from liquid fuel consumption (kt),EN.ATM.CO2E.LF.KT,3116.95
Kenya,KEN,1984,CO2 emissions from liquid fuel consumption (kt),EN.ATM.CO2E.LF.KT,3424.978
Kenya,KEN,1983,CO2 emissions from liquid fuel consumption (kt),EN.ATM.CO2E.LF.KT,3780.677
Kenya,KEN,1982,CO2 emissions from liquid fuel consumption (kt),EN.ATM.CO2E.LF.KT,3956.693
Kenya,KEN,1981,CO2 emissions from liquid fuel consumption (kt),EN.ATM.CO2E.LF.KT,5639.846
Kenya,KEN,1980,CO2 emissions from liquid fuel consumption (kt),EN.ATM.CO2E.LF.KT,5518.835
Kenya,KEN,1979,CO2 emissions from liquid fuel consumption (kt),EN.ATM.CO2E.LF.KT,4572.749
Kenya,KEN,1978,CO2 emissions from liquid fuel consumption (kt),EN.ATM.CO2E.LF.KT,4627.754
Kenya,KEN,1977,CO2 emissions from liquid fuel consumption (kt),EN.ATM.CO2E.LF.KT,4316.059
Kenya,KEN,1976,CO2 emissions from liquid fuel consumption (kt),EN.ATM.CO2E.LF.KT,3949.359
Kenya,KEN,1975,CO2 emissions from liquid fuel consumption (kt),EN.ATM.CO2E.LF.KT,4407.734
Kenya,KEN,1974,CO2 emissions from liquid fuel consumption (kt),EN.ATM.CO2E.LF.KT,4349.062
Kenya,KEN,1973,CO2 emissions from liquid fuel consumption (kt),EN.ATM.CO2E.LF.KT,3333.303
Kenya,KEN,1972,CO2 emissions from liquid fuel consumption (kt),EN.ATM.CO2E.LF.KT,3366.306
Kenya,KEN,1971,CO2 emissions from liquid fuel consumption (kt),EN.ATM.CO2E.LF.KT,3072.946
Kenya,KEN,1970,CO2 emissions from liquid fuel consumption (kt),EN.ATM.CO2E.LF.KT,2467.891
Kenya,KEN,1969,CO2 emissions from liquid fuel consumption (kt),EN.ATM.CO2E.LF.KT,2724.581
Kenya,KEN,1968,CO2 emissions from liquid fuel consumption (kt),EN.ATM.CO2E.LF.KT,2442.222
Kenya,KEN,1967,CO2 emissions from liquid fuel consumption (kt),EN.ATM.CO2E.LF.KT,2332.212
Kenya,KEN,1966,CO2 emissions from liquid fuel consumption (kt),EN.ATM.CO2E.LF.KT,2310.21
Kenya,KEN,1965,CO2 emissions from liquid fuel consumption (kt),EN.ATM.CO2E.LF.KT,2082.856
Kenya,KEN,1964,CO2 emissions from liquid fuel consumption (kt),EN.ATM.CO2E.LF.KT,2526.563
Kenya,KEN,1963,CO2 emissions from liquid fuel consumption (kt),EN.ATM.CO2E.LF.KT,2570.567
Kenya,KEN,1962,CO2 emissions from liquid fuel consumption (kt),EN.ATM.CO2E.LF.KT,2332.212
Kenya,KEN,1961,CO2 emissions from liquid fuel consumption (kt),EN.ATM.CO2E.LF.KT,2141.528
Kenya,KEN,1960,CO2 emissions from liquid fuel consumption (kt),EN.ATM.CO2E.LF.KT,2141.528
Kenya,KEN,2018,Methane emissions in energy sector (thousand metric tons of CO2 equivalent),EN.ATM.METH.EG.KT.CE,11090
Kenya,KEN,2017,Methane emissions in energy sector (thousand metric tons of CO2 equivalent),EN.ATM.METH.EG.KT.CE,10950
Kenya,KEN,2016,Methane emissions in energy sector (thousand metric tons of CO2 equivalent),EN.ATM.METH.EG.KT.CE,10810
Kenya,KEN,2015,Methane emissions in energy sector (thousand metric tons of CO2 equivalent),EN.ATM.METH.EG.KT.CE,10660
Kenya,KEN,2014,Methane emissions in energy sector (thousand metric tons of CO2 equivalent),EN.ATM.METH.EG.KT.CE,10170
Kenya,KEN,2013,Methane emissions in energy sector (thousand metric tons of CO2 equivalent),EN.ATM.METH.EG.KT.CE,9670
Kenya,KEN,2012,Methane emissions in energy sector (thousand metric tons of CO2 equivalent),EN.ATM.METH.EG.KT.CE,9170
Kenya,KEN,2011,Methane emissions in energy sector (thousand metric tons of CO2 equivalent),EN.ATM.METH.EG.KT.CE,8680
Kenya,KEN,2010,Methane emissions in energy sector (thousand metric tons of CO2 equivalent),EN.ATM.METH.EG.KT.CE,8180
Kenya,KEN,2009,Methane emissions in energy sector (thousand metric tons of CO2 equivalent),EN.ATM.METH.EG.KT.CE,7880
Kenya,KEN,2008,Methane emissions in energy sector (thousand metric tons of CO2 equivalent),EN.ATM.METH.EG.KT.CE,7590
Kenya,KEN,2007,Methane emissions in energy sector (thousand metric tons of CO2 equivalent),EN.ATM.METH.EG.KT.CE,7290
Kenya,KEN,2006,Methane emissions in energy sector (thousand metric tons of CO2 equivalent),EN.ATM.METH.EG.KT.CE,7000
Kenya,KEN,2005,Methane emissions in energy sector (thousand metric tons of CO2 equivalent),EN.ATM.METH.EG.KT.CE,6700
Kenya,KEN,2004,Methane emissions in energy sector (thousand metric tons of CO2 equivalent),EN.ATM.METH.EG.KT.CE,6660
Kenya,KEN,2003,Methane emissions in energy sector (thousand metric tons of CO2 equivalent),EN.ATM.METH.EG.KT.CE,6620
Kenya,KEN,2002,Methane emissions in energy sector (thousand metric tons of CO2 equivalent),EN.ATM.METH.EG.KT.CE,6580
Kenya,KEN,2001,Methane emissions in energy sector (thousand metric tons of CO2 equivalent),EN.ATM.METH.EG.KT.CE,6540
Kenya,KEN,2000,Methane emissions in energy sector (thousand metric tons of CO2 equivalent),EN.ATM.METH.EG.KT.CE,6490
Kenya,KEN,1999,Methane emissions in energy sector (thousand metric tons of CO2 equivalent),EN.ATM.METH.EG.KT.CE,6230
Kenya,KEN,1998,Methane emissions in energy sector (thousand metric tons of CO2 equivalent),EN.ATM.METH.EG.KT.CE,5960
Kenya,KEN,1997,Methane emissions in energy sector (thousand metric tons of CO2 equivalent),EN.ATM.METH.EG.KT.CE,5690
Kenya,KEN,1996,Methane emissions in energy sector (thousand metric tons of CO2 equivalent),EN.ATM.METH.EG.KT.CE,5420
Kenya,KEN,1995,Methane emissions in energy sector (thousand metric tons of CO2 equivalent),EN.ATM.METH.EG.KT.CE,5160
Kenya,KEN,1994,Methane emissions in energy sector (thousand metric tons of CO2 equivalent),EN.ATM.METH.EG.KT.CE,5080
Kenya,KEN,1993,Methane emissions in energy sector (thousand metric tons of CO2 equivalent),EN.ATM.METH.EG.KT.CE,5010
Kenya,KEN,1992,Methane emissions in energy sector (thousand metric tons of CO2 equivalent),EN.ATM.METH.EG.KT.CE,4940
Kenya,KEN,1991,Methane emissions in energy sector (thousand metric tons of CO2 equivalent),EN.ATM.METH.EG.KT.CE,4870
Kenya,KEN,1990,Methane emissions in energy sector (thousand metric tons of CO2 equivalent),EN.ATM.METH.EG.KT.CE,4790
Kenya,KEN,2008,Energy related methane emissions (% of total),EN.ATM.METH.EG.ZS,21.51360544
Kenya,KEN,2007,Energy related methane emissions (% of total),EN.ATM.METH.EG.ZS,21.07545533
Kenya,KEN,2006,Energy related methane emissions (% of total),EN.ATM.METH.EG.ZS,29.56081081
Kenya,KEN,2005,Energy related methane emissions (% of total),EN.ATM.METH.EG.ZS,28.10402685
Kenya,KEN,2004,Energy related methane emissions (% of total),EN.ATM.METH.EG.ZS,27.35112936
Kenya,KEN,2003,Energy related methane emissions (% of total),EN.ATM.METH.EG.ZS,28.59611231
Kenya,KEN,2002,Energy related methane emissions (% of total),EN.ATM.METH.EG.ZS,29.86836133
Kenya,KEN,2001,Energy related methane emissions (% of total),EN.ATM.METH.EG.ZS,30.73308271
Kenya,KEN,2000,Energy related methane emissions (% of total),EN.ATM.METH.EG.ZS,30.4981203
Kenya,KEN,1999,Energy related methane emissions (% of total),EN.ATM.METH.EG.ZS,27.8125
Kenya,KEN,1998,Energy related methane emissions (% of total),EN.ATM.METH.EG.ZS,28.25983879
Kenya,KEN,1997,Energy related methane emissions (% of total),EN.ATM.METH.EG.ZS,27.71553824
Kenya,KEN,1996,Energy related methane emissions (% of total),EN.ATM.METH.EG.ZS,26.71266634
Kenya,KEN,1995,Energy related methane emissions (% of total),EN.ATM.METH.EG.ZS,24.54804948
Kenya,KEN,1994,Energy related methane emissions (% of total),EN.ATM.METH.EG.ZS,24.13301663
Kenya,KEN,1993,Energy related methane emissions (% of total),EN.ATM.METH.EG.ZS,23.93693263
Kenya,KEN,1992,Energy related methane emissions (% of total),EN.ATM.METH.EG.ZS,23.56870229
Kenya,KEN,1991,Energy related methane emissions (% of total),EN.ATM.METH.EG.ZS,23.19047619
Kenya,KEN,1990,Energy related methane emissions (% of total),EN.ATM.METH.EG.ZS,22.11449677
Kenya,KEN,1989,Energy related methane emissions (% of total),EN.ATM.METH.EG.ZS,23.85831814
Kenya,KEN,1988,Energy related methane emissions (% of total),EN.ATM.METH.EG.ZS,24.16709693
Kenya,KEN,1987,Energy related methane emissions (% of total),EN.ATM.METH.EG.ZS,24.90071451
Kenya,KEN,1986,Energy related methane emissions (% of total),EN.ATM.METH.EG.ZS,24.42835304
Kenya,KEN,1985,Energy related methane emissions (% of total),EN.ATM.METH.EG.ZS,24.22949935
Kenya,KEN,1984,Energy related methane emissions (% of total),EN.ATM.METH.EG.ZS,23.45679398
Kenya,KEN,1983,Energy related methane emissions (% of total),EN.ATM.METH.EG.ZS,23.53289342
Kenya,KEN,1982,Energy related methane emissions (% of total),EN.ATM.METH.EG.ZS,24.89454254
Kenya,KEN,1981,Energy related methane emissions (% of total),EN.ATM.METH.EG.ZS,26.05759472
Kenya,KEN,1980,Energy related methane emissions (% of total),EN.ATM.METH.EG.ZS,25.26355065
Kenya,KEN,1979,Energy related methane emissions (% of total),EN.ATM.METH.EG.ZS,23.15475184
Kenya,KEN,1978,Energy related methane emissions (% of total),EN.ATM.METH.EG.ZS,24.25010837
Kenya,KEN,1977,Energy related methane emissions (% of total),EN.ATM.METH.EG.ZS,25.17163288
Kenya,KEN,1976,Energy related methane emissions (% of total),EN.ATM.METH.EG.ZS,25.05404759
Kenya,KEN,1975,Energy related methane emissions (% of total),EN.ATM.METH.EG.ZS,24.27269246
Kenya,KEN,1974,Energy related methane emissions (% of total),EN.ATM.METH.EG.ZS,23.9697374
Kenya,KEN,1973,Energy related methane emissions (% of total),EN.ATM.METH.EG.ZS,23.6680715
Kenya,KEN,1972,Energy related methane emissions (% of total),EN.ATM.METH.EG.ZS,23.39992123
Kenya,KEN,1971,Energy related methane emissions (% of total),EN.ATM.METH.EG.ZS,23.46106005
Kenya,KEN,1970,Energy related methane emissions (% of total),EN.ATM.METH.EG.ZS,24.09221436
Kenya,KEN,2018,Nitrous oxide emissions in energy sector (thousand metric tons of CO2 equivalent),EN.ATM.NOXE.EG.KT.CE,1430
Kenya,KEN,2017,Nitrous oxide emissions in energy sector (thousand metric tons of CO2 equivalent),EN.ATM.NOXE.EG.KT.CE,1410
Kenya,KEN,2016,Nitrous oxide emissions in energy sector (thousand metric tons of CO2 equivalent),EN.ATM.NOXE.EG.KT.CE,1390
Kenya,KEN,2015,Nitrous oxide emissions in energy sector (thousand metric tons of CO2 equivalent),EN.ATM.NOXE.EG.KT.CE,1370
Kenya,KEN,2014,Nitrous oxide emissions in energy sector (thousand metric tons of CO2 equivalent),EN.ATM.NOXE.EG.KT.CE,1310
Kenya,KEN,2013,Nitrous oxide emissions in energy sector (thousand metric tons of CO2 equivalent),EN.ATM.NOXE.EG.KT.CE,1250
Kenya,KEN,2012,Nitrous oxide emissions in energy sector (thousand metric tons of CO2 equivalent),EN.ATM.NOXE.EG.KT.CE,1190
Kenya,KEN,2011,Nitrous oxide emissions in energy sector (thousand metric tons of CO2 equivalent),EN.ATM.NOXE.EG.KT.CE,1130
Kenya,KEN,2010,Nitrous oxide emissions in energy sector (thousand metric tons of CO2 equivalent),EN.ATM.NOXE.EG.KT.CE,1070
Kenya,KEN,2009,Nitrous oxide emissions in energy sector (thousand metric tons of CO2 equivalent),EN.ATM.NOXE.EG.KT.CE,1040
Kenya,KEN,2008,Nitrous oxide emissions in energy sector (thousand metric tons of CO2 equivalent),EN.ATM.NOXE.EG.KT.CE,1010
Kenya,KEN,2007,Nitrous oxide emissions in energy sector (thousand metric tons of CO2 equivalent),EN.ATM.NOXE.EG.KT.CE,970
Kenya,KEN,2006,Nitrous oxide emissions in energy sector (thousand metric tons of CO2 equivalent),EN.ATM.NOXE.EG.KT.CE,940
Kenya,KEN,2005,Nitrous oxide emissions in energy sector (thousand metric tons of CO2 equivalent),EN.ATM.NOXE.EG.KT.CE,910
Kenya,KEN,2004,Nitrous oxide emissions in energy sector (thousand metric tons of CO2 equivalent),EN.ATM.NOXE.EG.KT.CE,870
Kenya,KEN,2003,Nitrous oxide emissions in energy sector (thousand metric tons of CO2 equivalent),EN.ATM.NOXE.EG.KT.CE,830
Kenya,KEN,2002,Nitrous oxide emissions in energy sector (thousand metric tons of CO2 equivalent),EN.ATM.NOXE.EG.KT.CE,790
Kenya,KEN,2001,Nitrous oxide emissions in energy sector (thousand metric tons of CO2 equivalent),EN.ATM.NOXE.EG.KT.CE,760
Kenya,KEN,2000,Nitrous oxide emissions in energy sector (thousand metric tons of CO2 equivalent),EN.ATM.NOXE.EG.KT.CE,720
Kenya,KEN,1999,Nitrous oxide emissions in energy sector (thousand metric tons of CO2 equivalent),EN.ATM.NOXE.EG.KT.CE,710
Kenya,KEN,1998,Nitrous oxide emissions in energy sector (thousand metric tons of CO2 equivalent),EN.ATM.NOXE.EG.KT.CE,690
Kenya,KEN,1997,Nitrous oxide emissions in energy sector (thousand metric tons of CO2 equivalent),EN.ATM.NOXE.EG.KT.CE,680
Kenya,KEN,1996,Nitrous oxide emissions in energy sector (thousand metric tons of CO2 equivalent),EN.ATM.NOXE.EG.KT.CE,670
Kenya,KEN,1995,Nitrous oxide emissions in energy sector (thousand metric tons of CO2 equivalent),EN.ATM.NOXE.EG.KT.CE,650
Kenya,KEN,1994,Nitrous oxide emissions in energy sector (thousand metric tons of CO2 equivalent),EN.ATM.NOXE.EG.KT.CE,640
Kenya,KEN,1993,Nitrous oxide emissions in energy sector (thousand metric tons of CO2 equivalent),EN.ATM.NOXE.EG.KT.CE,630
Kenya,KEN,1992,Nitrous oxide emissions in energy sector (thousand metric tons of CO2 equivalent),EN.ATM.NOXE.EG.KT.CE,610
Kenya,KEN,1991,Nitrous oxide emissions in energy sector (thousand metric tons of CO2 equivalent),EN.ATM.NOXE.EG.KT.CE,600
Kenya,KEN,1990,Nitrous oxide emissions in energy sector (thousand metric tons of CO2 equivalent),EN.ATM.NOXE.EG.KT.CE,590
Kenya,KEN,2008,Nitrous oxide emissions in energy sector (% of total),EN.ATM.NOXE.EG.ZS,5.983412322
Kenya,KEN,2007,Nitrous oxide emissions in energy sector (% of total),EN.ATM.NOXE.EG.ZS,5.756676558
Kenya,KEN,2006,Nitrous oxide emissions in energy sector (% of total),EN.ATM.NOXE.EG.ZS,8.460846085
Kenya,KEN,2005,Nitrous oxide emissions in energy sector (% of total),EN.ATM.NOXE.EG.ZS,7.899305556
Kenya,KEN,2004,Nitrous oxide emissions in energy sector (% of total),EN.ATM.NOXE.EG.ZS,7.532467532
Kenya,KEN,2003,Nitrous oxide emissions in energy sector (% of total),EN.ATM.NOXE.EG.ZS,7.511312217
Kenya,KEN,2002,Nitrous oxide emissions in energy sector (% of total),EN.ATM.NOXE.EG.ZS,7.647628267
Kenya,KEN,2001,Nitrous oxide emissions in energy sector (% of total),EN.ATM.NOXE.EG.ZS,7.6
Kenya,KEN,2000,Nitrous oxide emissions in energy sector (% of total),EN.ATM.NOXE.EG.ZS,7.287449393
Kenya,KEN,1999,Nitrous oxide emissions in energy sector (% of total),EN.ATM.NOXE.EG.ZS,6.704438149
Kenya,KEN,1998,Nitrous oxide emissions in energy sector (% of total),EN.ATM.NOXE.EG.ZS,6.824925816
Kenya,KEN,1997,Nitrous oxide emissions in energy sector (% of total),EN.ATM.NOXE.EG.ZS,6.952965235
Kenya,KEN,1996,Nitrous oxide emissions in energy sector (% of total),EN.ATM.NOXE.EG.ZS,6.822810591
Kenya,KEN,1995,Nitrous oxide emissions in energy sector (% of total),EN.ATM.NOXE.EG.ZS,6.378802748
Kenya,KEN,1994,Nitrous oxide emissions in energy sector (% of total),EN.ATM.NOXE.EG.ZS,6.189555126
Kenya,KEN,1993,Nitrous oxide emissions in energy sector (% of total),EN.ATM.NOXE.EG.ZS,6.176470588
Kenya,KEN,1992,Nitrous oxide emissions in energy sector (% of total),EN.ATM.NOXE.EG.ZS,5.92808552
Kenya,KEN,1991,Nitrous oxide emissions in energy sector (% of total),EN.ATM.NOXE.EG.ZS,5.808325266
Kenya,KEN,1990,Nitrous oxide emissions in energy sector (% of total),EN.ATM.NOXE.EG.ZS,5.529522024
Kenya,KEN,1989,Nitrous oxide emissions in energy sector (% of total),EN.ATM.NOXE.EG.ZS,4.510366249
Kenya,KEN,1988,Nitrous oxide emissions in energy sector (% of total),EN.ATM.NOXE.EG.ZS,4.499068758
Kenya,KEN,1987,Nitrous oxide emissions in energy sector (% of total),EN.ATM.NOXE.EG.ZS,4.70358197
Kenya,KEN,1986,Nitrous oxide emissions in energy sector (% of total),EN.ATM.NOXE.EG.ZS,4.566540745
Kenya,KEN,1985,Nitrous oxide emissions in energy sector (% of total),EN.ATM.NOXE.EG.ZS,4.548334183
Kenya,KEN,1984,Nitrous oxide emissions in energy sector (% of total),EN.ATM.NOXE.EG.ZS,4.437574532
Kenya,KEN,1983,Nitrous oxide emissions in energy sector (% of total),EN.ATM.NOXE.EG.ZS,4.307735736
Kenya,KEN,1982,Nitrous oxide emissions in energy sector (% of total),EN.ATM.NOXE.EG.ZS,4.619776411
Kenya,KEN,1981,Nitrous oxide emissions in energy sector (% of total),EN.ATM.NOXE.EG.ZS,5.099196705
Kenya,KEN,1980,Nitrous oxide emissions in energy sector (% of total),EN.ATM.NOXE.EG.ZS,5.009599643
Kenya,KEN,1979,Nitrous oxide emissions in energy sector (% of total),EN.ATM.NOXE.EG.ZS,4.401650503
Kenya,KEN,1978,Nitrous oxide emissions in energy sector (% of total),EN.ATM.NOXE.EG.ZS,4.813618976
Kenya,KEN,1977,Nitrous oxide emissions in energy sector (% of total),EN.ATM.NOXE.EG.ZS,4.977750996
Kenya,KEN,1976,Nitrous oxide emissions in energy sector (% of total),EN.ATM.NOXE.EG.ZS,4.901914929
Kenya,KEN,1975,Nitrous oxide emissions in energy sector (% of total),EN.ATM.NOXE.EG.ZS,4.911702828
Kenya,KEN,1974,Nitrous oxide emissions in energy sector (% of total),EN.ATM.NOXE.EG.ZS,5.103919228
Kenya,KEN,1973,Nitrous oxide emissions in energy sector (% of total),EN.ATM.NOXE.EG.ZS,4.942436178
Kenya,KEN,1972,Nitrous oxide emissions in energy sector (% of total),EN.ATM.NOXE.EG.ZS,4.853581594
Kenya,KEN,1971,Nitrous oxide emissions in energy sector (% of total),EN.ATM.NOXE.EG.ZS,4.850819552
Kenya,KEN,1970,Nitrous oxide emissions in energy sector (% of total),EN.ATM.NOXE.EG.ZS,4.949955869
Kenya,KEN,2016,Pump price for diesel fuel (US$ per liter),EP.PMP.DESL.CD,0.82
Kenya,KEN,2014,Pump price for diesel fuel (US$ per liter),EP.PMP.DESL.CD,1.07
Kenya,KEN,2012,Pump price for diesel fuel (US$ per liter),EP.PMP.DESL.CD,1.26
Kenya,KEN,2010,Pump price for diesel fuel (US$ per liter),EP.PMP.DESL.CD,1.27
Kenya,KEN,2008,Pump price for diesel fuel (US$ per liter),EP.PMP.DESL.CD,1.14
Kenya,KEN,2006,Pump price for diesel fuel (US$ per liter),EP.PMP.DESL.CD,0.98
Kenya,KEN,2004,Pump price for diesel fuel (US$ per liter),EP.PMP.DESL.CD,0.76
Kenya,KEN,2002,Pump price for diesel fuel (US$ per liter),EP.PMP.DESL.CD,0.56
Kenya,KEN,2000,Pump price for diesel fuel (US$ per liter),EP.PMP.DESL.CD,0.6
Kenya,KEN,1998,Pump price for diesel fuel (US$ per liter),EP.PMP.DESL.CD,0.54
Kenya,KEN,1995,Pump price for diesel fuel (US$ per liter),EP.PMP.DESL.CD,0.43
Kenya,KEN,1992,Pump price for diesel fuel (US$ per liter),EP.PMP.DESL.CD,0.33
Kenya,KEN,1991,Pump price for diesel fuel (US$ per liter),EP.PMP.DESL.CD,0.37
Kenya,KEN,2016,Pump price for gasoline (US$ per liter),EP.PMP.SGAS.CD,0.95
Kenya,KEN,2014,Pump price for gasoline (US$ per liter),EP.PMP.SGAS.CD,1.21
Kenya,KEN,2012,Pump price for gasoline (US$ per liter),EP.PMP.SGAS.CD,1.37
Kenya,KEN,2010,Pump price for gasoline (US$ per liter),EP.PMP.SGAS.CD,1.33
Kenya,KEN,2008,Pump price for gasoline (US$ per liter),EP.PMP.SGAS.CD,1.2
Kenya,KEN,2006,Pump price for gasoline (US$ per liter),EP.PMP.SGAS.CD,1.12
Kenya,KEN,2004,Pump price for gasoline (US$ per liter),EP.PMP.SGAS.CD,0.92
Kenya,KEN,2002,Pump price for gasoline (US$ per liter),EP.PMP.SGAS.CD,0.7
Kenya,KEN,2000,Pump price for gasoline (US$ per liter),EP.PMP.SGAS.CD,0.71
Kenya,KEN,1998,Pump price for gasoline (US$ per liter),EP.PMP.SGAS.CD,0.7
Kenya,KEN,1995,Pump price for gasoline (US$ per liter),EP.PMP.SGAS.CD,0.56
Kenya,KEN,1992,Pump price for gasoline (US$ per liter),EP.PMP.SGAS.CD,0.4
Kenya,KEN,1991,Pump price for gasoline (US$ per liter),EP.PMP.SGAS.CD,0.53
Kenya,KEN,2018,Time to obtain an electrical connection (days),IC.ELC.DURS,78.9
Kenya,KEN,2013,Time to obtain an electrical connection (days),IC.ELC.DURS,43
Kenya,KEN,2007,Time to obtain an electrical connection (days),IC.ELC.DURS,40.5
Kenya,KEN,2019,Time required to get electricity (days),IC.ELC.TIME,97
Kenya,KEN,2018,Time required to get electricity (days),IC.ELC.TIME,97
Kenya,KEN,2017,Time required to get electricity (days),IC.ELC.TIME,97
Kenya,KEN,2016,Time required to get electricity (days),IC.ELC.TIME,97
Kenya,KEN,2015,Time required to get electricity (days),IC.ELC.TIME,110
Kenya,KEN,2014,Time required to get electricity (days),IC.ELC.TIME,145
Kenya,KEN,2013,Time required to get electricity (days),IC.ELC.TIME,145
Kenya,KEN,2012,Time required to get electricity (days),IC.ELC.TIME,133
Kenya,KEN,2011,Time required to get electricity (days),IC.ELC.TIME,150
Kenya,KEN,2010,Time required to get electricity (days),IC.ELC.TIME,150
Kenya,KEN,2009,Time required to get electricity (days),IC.ELC.TIME,150
Kenya,KEN,2018,Firms using banks to finance investment (% of firms),IC.FRM.BNKS.ZS,31.6
Kenya,KEN,2013,Firms using banks to finance investment (% of firms),IC.FRM.BNKS.ZS,43.2
Kenya,KEN,2007,Firms using banks to finance investment (% of firms),IC.FRM.BNKS.ZS,22.9
Kenya,KEN,2018,Value lost due to electrical outages (% of sales for affected firms),IC.FRM.OUTG.ZS,5.4
Kenya,KEN,2013,Value lost due to electrical outages (% of sales for affected firms),IC.FRM.OUTG.ZS,7
Kenya,KEN,2007,Value lost due to electrical outages (% of sales for affected firms),IC.FRM.OUTG.ZS,6.4
Kenya,KEN,2020,Investment in energy with private participation (current US$),IE.PPI.ENGY.CD,147160000
Kenya,KEN,2019,Investment in energy with private participation (current US$),IE.PPI.ENGY.CD,220200000
Kenya,KEN,2018,Investment in energy with private participation (current US$),IE.PPI.ENGY.CD,300000000
Kenya,KEN,2014,Investment in energy with private participation (current US$),IE.PPI.ENGY.CD,800940000
Kenya,KEN,2013,Investment in energy with private participation (current US$),IE.PPI.ENGY.CD,533970000
Kenya,KEN,2012,Investment in energy with private participation (current US$),IE.PPI.ENGY.CD,360000000
Kenya,KEN,2011,Investment in energy with private participation (current US$),IE.PPI.ENGY.CD,169700000
Kenya,KEN,2009,Investment in energy with private participation (current US$),IE.PPI.ENGY.CD,127000000
Kenya,KEN,2008,Investment in energy with private participation (current US$),IE.PPI.ENGY.CD,205000000
Kenya,KEN,2006,Investment in energy with private participation (current US$),IE.PPI.ENGY.CD,132500000
Kenya,KEN,1999,Investment in energy with private participation (current US$),IE.PPI.ENGY.CD,139000000
Kenya,KEN,1996,Investment in energy with private participation (current US$),IE.PPI.ENGY.CD,99000000
Kenya,KEN,2020,Adjusted savings: mineral depletion (current US$),NY.ADJ.DMIN.CD,15814332.64
Kenya,KEN,2019,Adjusted savings: mineral depletion (current US$),NY.ADJ.DMIN.CD,0
Kenya,KEN,2018,Adjusted savings: mineral depletion (current US$),NY.ADJ.DMIN.CD,3281287.323
Kenya,KEN,2017,Adjusted savings: mineral depletion (current US$),NY.ADJ.DMIN.CD,3214409.321
Kenya,KEN,2016,Adjusted savings: mineral depletion (current US$),NY.ADJ.DMIN.CD,1261603.801
Kenya,KEN,2015,Adjusted savings: mineral depletion (current US$),NY.ADJ.DMIN.CD,821922.8831
Kenya,KEN,2014,Adjusted savings: mineral depletion (current US$),NY.ADJ.DMIN.CD,1626477.024
Kenya,KEN,2013,Adjusted savings: mineral depletion (current US$),NY.ADJ.DMIN.CD,20908583.11
Kenya,KEN,2012,Adjusted savings: mineral depletion (current US$),NY.ADJ.DMIN.CD,54034773.21
Kenya,KEN,2011,Adjusted savings: mineral depletion (current US$),NY.ADJ.DMIN.CD,25820076.38
Kenya,KEN,2010,Adjusted savings: mineral depletion (current US$),NY.ADJ.DMIN.CD,21523345.38
Kenya,KEN,2009,Adjusted savings: mineral depletion (current US$),NY.ADJ.DMIN.CD,7143676.725
Kenya,KEN,2008,Adjusted savings: mineral depletion (current US$),NY.ADJ.DMIN.CD,1889596.134
Kenya,KEN,2007,Adjusted savings: mineral depletion (current US$),NY.ADJ.DMIN.CD,13325431.5
Kenya,KEN,2006,Adjusted savings: mineral depletion (current US$),NY.ADJ.DMIN.CD,1685464.664
Kenya,KEN,2005,Adjusted savings: mineral depletion (current US$),NY.ADJ.DMIN.CD,863454.0943
Kenya,KEN,2004,Adjusted savings: mineral depletion (current US$),NY.ADJ.DMIN.CD,493447.8713
Kenya,KEN,2003,Adjusted savings: mineral depletion (current US$),NY.ADJ.DMIN.CD,1384219.986
Kenya,KEN,2002,Adjusted savings: mineral depletion (current US$),NY.ADJ.DMIN.CD,3729344.804
Kenya,KEN,2001,Adjusted savings: mineral depletion (current US$),NY.ADJ.DMIN.CD,2162105.432
Kenya,KEN,2000,Adjusted savings: mineral depletion (current US$),NY.ADJ.DMIN.CD,1872109.142
Kenya,KEN,1999,Adjusted savings: mineral depletion (current US$),NY.ADJ.DMIN.CD,906234.0017
Kenya,KEN,1998,Adjusted savings: mineral depletion (current US$),NY.ADJ.DMIN.CD,543185.4504
Kenya,KEN,1997,Adjusted savings: mineral depletion (current US$),NY.ADJ.DMIN.CD,753199.6892
Kenya,KEN,1996,Adjusted savings: mineral depletion (current US$),NY.ADJ.DMIN.CD,815435.4841
Kenya,KEN,1995,Adjusted savings: mineral depletion (current US$),NY.ADJ.DMIN.CD,179183.4937
Kenya,KEN,1994,Adjusted savings: mineral depletion (current US$),NY.ADJ.DMIN.CD,534008.8916
Kenya,KEN,1993,Adjusted savings: mineral depletion (current US$),NY.ADJ.DMIN.CD,59479.39292
Kenya,KEN,1992,Adjusted savings: mineral depletion (current US$),NY.ADJ.DMIN.CD,8155.196163
Kenya,KEN,1991,Adjusted savings: mineral depletion (current US$),NY.ADJ.DMIN.CD,25756.91437
Kenya,KEN,1990,Adjusted savings: mineral depletion (current US$),NY.ADJ.DMIN.CD,125614.876
Kenya,KEN,1989,Adjusted savings: mineral depletion (current US$),NY.ADJ.DMIN.CD,62177.82833
Kenya,KEN,1988,Adjusted savings: mineral depletion (current US$),NY.ADJ.DMIN.CD,94383.94397
Kenya,KEN,1987,Adjusted savings: mineral depletion (current US$),NY.ADJ.DMIN.CD,446735.4952
Kenya,KEN,1986,Adjusted savings: mineral depletion (current US$),NY.ADJ.DMIN.CD,74079.46918
Kenya,KEN,1985,Adjusted savings: mineral depletion (current US$),NY.ADJ.DMIN.CD,11499.90153
Kenya,KEN,1984,Adjusted savings: mineral depletion (current US$),NY.ADJ.DMIN.CD,21272.37927
Kenya,KEN,1983,Adjusted savings: mineral depletion (current US$),NY.ADJ.DMIN.CD,4547.946108
Kenya,KEN,1982,Adjusted savings: mineral depletion (current US$),NY.ADJ.DMIN.CD,1024.916643
Kenya,KEN,1981,Adjusted savings: mineral depletion (current US$),NY.ADJ.DMIN.CD,1515.093233
Kenya,KEN,1980,Adjusted savings: mineral depletion (current US$),NY.ADJ.DMIN.CD,9724.316317
Kenya,KEN,1979,Adjusted savings: mineral depletion (current US$),NY.ADJ.DMIN.CD,4138.104793
Kenya,KEN,1978,Adjusted savings: mineral depletion (current US$),NY.ADJ.DMIN.CD,0
Kenya,KEN,1977,Adjusted savings: mineral depletion (current US$),NY.ADJ.DMIN.CD,0
Kenya,KEN,1976,Adjusted savings: mineral depletion (current US$),NY.ADJ.DMIN.CD,0
Kenya,KEN,1975,Adjusted savings: mineral depletion (current US$),NY.ADJ.DMIN.CD,28554.15543
Kenya,KEN,1974,Adjusted savings: mineral depletion (current US$),NY.ADJ.DMIN.CD,64194.41653
Kenya,KEN,1973,Adjusted savings: mineral depletion (current US$),NY.ADJ.DMIN.CD,55746.70593
Kenya,KEN,1972,Adjusted savings: mineral depletion (current US$),NY.ADJ.DMIN.CD,29742.78925
Kenya,KEN,1971,Adjusted savings: mineral depletion (current US$),NY.ADJ.DMIN.CD,32260.57887
Kenya,KEN,1970,Adjusted savings: mineral depletion (current US$),NY.ADJ.DMIN.CD,50534.38542
Kenya,KEN,2020,Adjusted savings: mineral depletion (% of GNI),NY.ADJ.DMIN.GN.ZS,0.015921697
Kenya,KEN,2019,Adjusted savings: mineral depletion (% of GNI),NY.ADJ.DMIN.GN.ZS,0
Kenya,KEN,2018,Adjusted savings: mineral depletion (% of GNI),NY.ADJ.DMIN.GN.ZS,0.003613312
Kenya,KEN,2017,Adjusted savings: mineral depletion (% of GNI),NY.ADJ.DMIN.GN.ZS,0.003991706
Kenya,KEN,2016,Adjusted savings: mineral depletion (% of GNI),NY.ADJ.DMIN.GN.ZS,0.001709379
Kenya,KEN,2015,Adjusted savings: mineral depletion (% of GNI),NY.ADJ.DMIN.GN.ZS,0.001300612
Kenya,KEN,2014,Adjusted savings: mineral depletion (% of GNI),NY.ADJ.DMIN.GN.ZS,0.00268485
Kenya,KEN,2013,Adjusted savings: mineral depletion (% of GNI),NY.ADJ.DMIN.GN.ZS,0.038366654
Kenya,KEN,2012,Adjusted savings: mineral depletion (% of GNI),NY.ADJ.DMIN.GN.ZS,0.107666137
Kenya,KEN,2011,Adjusted savings: mineral depletion (% of GNI),NY.ADJ.DMIN.GN.ZS,0.061532173
Kenya,KEN,2010,Adjusted savings: mineral depletion (% of GNI),NY.ADJ.DMIN.GN.ZS,0.054007569
Kenya,KEN,2009,Adjusted savings: mineral depletion (% of GNI),NY.ADJ.DMIN.GN.ZS,0.019319317
Kenya,KEN,2008,Adjusted savings: mineral depletion (% of GNI),NY.ADJ.DMIN.GN.ZS,0.005268857
Kenya,KEN,2007,Adjusted savings: mineral depletion (% of GNI),NY.ADJ.DMIN.GN.ZS,0.041885415
Kenya,KEN,2006,Adjusted savings: mineral depletion (% of GNI),NY.ADJ.DMIN.GN.ZS,0.006544111
Kenya,KEN,2005,Adjusted savings: mineral depletion (% of GNI),NY.ADJ.DMIN.GN.ZS,0.004609587
Kenya,KEN,2004,Adjusted savings: mineral depletion (% of GNI),NY.ADJ.DMIN.GN.ZS,0.00309299
Kenya,KEN,2003,Adjusted savings: mineral depletion (% of GNI),NY.ADJ.DMIN.GN.ZS,0.009391902
Kenya,KEN,2002,Adjusted savings: mineral depletion (% of GNI),NY.ADJ.DMIN.GN.ZS,0.028629661
Kenya,KEN,2001,Adjusted savings: mineral depletion (% of GNI),NY.ADJ.DMIN.GN.ZS,0.016840785
Kenya,KEN,2000,Adjusted savings: mineral depletion (% of GNI),NY.ADJ.DMIN.GN.ZS,0.014886865
Kenya,KEN,1999,Adjusted savings: mineral depletion (% of GNI),NY.ADJ.DMIN.GN.ZS,0.007122717
Kenya,KEN,1998,Adjusted savings: mineral depletion (% of GNI),NY.ADJ.DMIN.GN.ZS,0.003889873
Kenya,KEN,1997,Adjusted savings: mineral depletion (% of GNI),NY.ADJ.DMIN.GN.ZS,0.005819099
Kenya,KEN,1996,Adjusted savings: mineral depletion (% of GNI),NY.ADJ.DMIN.GN.ZS,0.006898802
Kenya,KEN,1995,Adjusted savings: mineral depletion (% of GNI),NY.ADJ.DMIN.GN.ZS,0.002053403
Kenya,KEN,1994,Adjusted savings: mineral depletion (% of GNI),NY.ADJ.DMIN.GN.ZS,0.00786948
Kenya,KEN,1993,Adjusted savings: mineral depletion (% of GNI),NY.ADJ.DMIN.GN.ZS,0.001103183
Kenya,KEN,1992,Adjusted savings: mineral depletion (% of GNI),NY.ADJ.DMIN.GN.ZS,0.000103827
Kenya,KEN,1991,Adjusted savings: mineral depletion (% of GNI),NY.ADJ.DMIN.GN.ZS,0.000331154
Kenya,KEN,1990,Adjusted savings: mineral depletion (% of GNI),NY.ADJ.DMIN.GN.ZS,0.001530656
Kenya,KEN,1989,Adjusted savings: mineral depletion (% of GNI),NY.ADJ.DMIN.GN.ZS,0.000773454
Kenya,KEN,1988,Adjusted savings: mineral depletion (% of GNI),NY.ADJ.DMIN.GN.ZS,0.001175146
Kenya,KEN,1987,Adjusted savings: mineral depletion (% of GNI),NY.ADJ.DMIN.GN.ZS,0.005808609
Kenya,KEN,1986,Adjusted savings: mineral depletion (% of GNI),NY.ADJ.DMIN.GN.ZS,0.00105835
Kenya,KEN,1985,Adjusted savings: mineral depletion (% of GNI),NY.ADJ.DMIN.GN.ZS,0.000194067
Kenya,KEN,1984,Adjusted savings: mineral depletion (% of GNI),NY.ADJ.DMIN.GN.ZS,0.000355272
Kenya,KEN,1983,Adjusted savings: mineral depletion (% of GNI),NY.ADJ.DMIN.GN.ZS,7.86E-05
Kenya,KEN,1982,Adjusted savings: mineral depletion (% of GNI),NY.ADJ.DMIN.GN.ZS,1.66E-05
Kenya,KEN,1981,Adjusted savings: mineral depletion (% of GNI),NY.ADJ.DMIN.GN.ZS,2.28E-05
Kenya,KEN,1980,Adjusted savings: mineral depletion (% of GNI),NY.ADJ.DMIN.GN.ZS,0.000138063
Kenya,KEN,1979,Adjusted savings: mineral depletion (% of GNI),NY.ADJ.DMIN.GN.ZS,6.89E-05
Kenya,KEN,1978,Adjusted savings: mineral depletion (% of GNI),NY.ADJ.DMIN.GN.ZS,0
Kenya,KEN,1977,Adjusted savings: mineral depletion (% of GNI),NY.ADJ.DMIN.GN.ZS,0
Kenya,KEN,1976,Adjusted savings: mineral depletion (% of GNI),NY.ADJ.DMIN.GN.ZS,0
Kenya,KEN,1975,Adjusted savings: mineral depletion (% of GNI),NY.ADJ.DMIN.GN.ZS,0.000901779
Kenya,KEN,1974,Adjusted savings: mineral depletion (% of GNI),NY.ADJ.DMIN.GN.ZS,0.002237591
Kenya,KEN,1973,Adjusted savings: mineral depletion (% of GNI),NY.ADJ.DMIN.GN.ZS,0.002316369
Kenya,KEN,1972,Adjusted savings: mineral depletion (% of GNI),NY.ADJ.DMIN.GN.ZS,0.001434609
Kenya,KEN,1971,Adjusted savings: mineral depletion (% of GNI),NY.ADJ.DMIN.GN.ZS,0.001839474
Kenya,KEN,1970,Adjusted savings: mineral depletion (% of GNI),NY.ADJ.DMIN.GN.ZS,0.003197271
Kenya,KEN,2020,Adjusted savings: energy depletion (current US$),NY.ADJ.DNGY.CD,9099021.907
Kenya,KEN,2019,Adjusted savings: energy depletion (current US$),NY.ADJ.DNGY.CD,12448214.07
Kenya,KEN,2018,Adjusted savings: energy depletion (current US$),NY.ADJ.DNGY.CD,2586010.493
Kenya,KEN,2017,Adjusted savings: energy depletion (current US$),NY.ADJ.DNGY.CD,0
Kenya,KEN,2016,Adjusted savings: energy depletion (current US$),NY.ADJ.DNGY.CD,0
Kenya,KEN,2015,Adjusted savings: energy depletion (current US$),NY.ADJ.DNGY.CD,0
Kenya,KEN,2014,Adjusted savings: energy depletion (current US$),NY.ADJ.DNGY.CD,0
Kenya,KEN,2013,Adjusted savings: energy depletion (current US$),NY.ADJ.DNGY.CD,0
Kenya,KEN,2012,Adjusted savings: energy depletion (current US$),NY.ADJ.DNGY.CD,0
Kenya,KEN,2011,Adjusted savings: energy depletion (current US$),NY.ADJ.DNGY.CD,0
Kenya,KEN,2010,Adjusted savings: energy depletion (current US$),NY.ADJ.DNGY.CD,0
Kenya,KEN,2009,Adjusted savings: energy depletion (current US$),NY.ADJ.DNGY.CD,0
Kenya,KEN,2008,Adjusted savings: energy depletion (current US$),NY.ADJ.DNGY.CD,0
Kenya,KEN,2007,Adjusted savings: energy depletion (current US$),NY.ADJ.DNGY.CD,0
Kenya,KEN,2006,Adjusted savings: energy depletion (current US$),NY.ADJ.DNGY.CD,0
Kenya,KEN,2005,Adjusted savings: energy depletion (current US$),NY.ADJ.DNGY.CD,0
Kenya,KEN,2004,Adjusted savings: energy depletion (current US$),NY.ADJ.DNGY.CD,0
Kenya,KEN,2003,Adjusted savings: energy depletion (current US$),NY.ADJ.DNGY.CD,0
Kenya,KEN,2002,Adjusted savings: energy depletion (current US$),NY.ADJ.DNGY.CD,0
Kenya,KEN,2001,Adjusted savings: energy depletion (current US$),NY.ADJ.DNGY.CD,0
Kenya,KEN,2000,Adjusted savings: energy depletion (current US$),NY.ADJ.DNGY.CD,0
Kenya,KEN,1999,Adjusted savings: energy depletion (current US$),NY.ADJ.DNGY.CD,0
Kenya,KEN,1998,Adjusted savings: energy depletion (current US$),NY.ADJ.DNGY.CD,0
Kenya,KEN,1997,Adjusted savings: energy depletion (current US$),NY.ADJ.DNGY.CD,0
Kenya,KEN,1996,Adjusted savings: energy depletion (current US$),NY.ADJ.DNGY.CD,0
Kenya,KEN,1995,Adjusted savings: energy depletion (current US$),NY.ADJ.DNGY.CD,0
Kenya,KEN,1994,Adjusted savings: energy depletion (current US$),NY.ADJ.DNGY.CD,0
Kenya,KEN,1993,Adjusted savings: energy depletion (current US$),NY.ADJ.DNGY.CD,0
Kenya,KEN,1992,Adjusted savings: energy depletion (current US$),NY.ADJ.DNGY.CD,0
Kenya,KEN,1991,Adjusted savings: energy depletion (current US$),NY.ADJ.DNGY.CD,0
Kenya,KEN,1990,Adjusted savings: energy depletion (current US$),NY.ADJ.DNGY.CD,0
Kenya,KEN,1989,Adjusted savings: energy depletion (current US$),NY.ADJ.DNGY.CD,0
Kenya,KEN,1988,Adjusted savings: energy depletion (current US$),NY.ADJ.DNGY.CD,0
Kenya,KEN,1987,Adjusted savings: energy depletion (current US$),NY.ADJ.DNGY.CD,0
Kenya,KEN,1986,Adjusted savings: energy depletion (current US$),NY.ADJ.DNGY.CD,0
Kenya,KEN,1985,Adjusted savings: energy depletion (current US$),NY.ADJ.DNGY.CD,0
Kenya,KEN,1984,Adjusted savings: energy depletion (current US$),NY.ADJ.DNGY.CD,0
Kenya,KEN,1983,Adjusted savings: energy depletion (current US$),NY.ADJ.DNGY.CD,0
Kenya,KEN,1982,Adjusted savings: energy depletion (current US$),NY.ADJ.DNGY.CD,0
Kenya,KEN,1981,Adjusted savings: energy depletion (current US$),NY.ADJ.DNGY.CD,0
Kenya,KEN,1980,Adjusted savings: energy depletion (current US$),NY.ADJ.DNGY.CD,0
Kenya,KEN,1979,Adjusted savings: energy depletion (current US$),NY.ADJ.DNGY.CD,0
Kenya,KEN,1978,Adjusted savings: energy depletion (current US$),NY.ADJ.DNGY.CD,0
Kenya,KEN,1977,Adjusted savings: energy depletion (current US$),NY.ADJ.DNGY.CD,0
Kenya,KEN,1976,Adjusted savings: energy depletion (current US$),NY.ADJ.DNGY.CD,0
Kenya,KEN,1975,Adjusted savings: energy depletion (current US$),NY.ADJ.DNGY.CD,0
Kenya,KEN,1974,Adjusted savings: energy depletion (current US$),NY.ADJ.DNGY.CD,0
Kenya,KEN,1973,Adjusted savings: energy depletion (current US$),NY.ADJ.DNGY.CD,0
Kenya,KEN,1972,Adjusted savings: energy depletion (current US$),NY.ADJ.DNGY.CD,0
Kenya,KEN,1971,Adjusted savings: energy depletion (current US$),NY.ADJ.DNGY.CD,0
Kenya,KEN,2020,Adjusted savings: energy depletion (% of GNI),NY.ADJ.DNGY.GN.ZS,0.009160796
Kenya,KEN,2019,Adjusted savings: energy depletion (% of GNI),NY.ADJ.DNGY.GN.ZS,0.012580798
Kenya,KEN,2018,Adjusted savings: energy depletion (% of GNI),NY.ADJ.DNGY.GN.ZS,0.002847682
Kenya,KEN,2017,Adjusted savings: energy depletion (% of GNI),NY.ADJ.DNGY.GN.ZS,0
Kenya,KEN,2016,Adjusted savings: energy depletion (% of GNI),NY.ADJ.DNGY.GN.ZS,0
Kenya,KEN,2015,Adjusted savings: energy depletion (% of GNI),NY.ADJ.DNGY.GN.ZS,0
Kenya,KEN,2014,Adjusted savings: energy depletion (% of GNI),NY.ADJ.DNGY.GN.ZS,0
Kenya,KEN,2013,Adjusted savings: energy depletion (% of GNI),NY.ADJ.DNGY.GN.ZS,0
Kenya,KEN,2012,Adjusted savings: energy depletion (% of GNI),NY.ADJ.DNGY.GN.ZS,0
Kenya,KEN,2011,Adjusted savings: energy depletion (% of GNI),NY.ADJ.DNGY.GN.ZS,0
Kenya,KEN,2010,Adjusted savings: energy depletion (% of GNI),NY.ADJ.DNGY.GN.ZS,0
Kenya,KEN,2009,Adjusted savings: energy depletion (% of GNI),NY.ADJ.DNGY.GN.ZS,0
Kenya,KEN,2008,Adjusted savings: energy depletion (% of GNI),NY.ADJ.DNGY.GN.ZS,0
Kenya,KEN,2007,Adjusted savings: energy depletion (% of GNI),NY.ADJ.DNGY.GN.ZS,0
Kenya,KEN,2006,Adjusted savings: energy depletion (% of GNI),NY.ADJ.DNGY.GN.ZS,0
Kenya,KEN,2005,Adjusted savings: energy depletion (% of GNI),NY.ADJ.DNGY.GN.ZS,0
Kenya,KEN,2004,Adjusted savings: energy depletion (% of GNI),NY.ADJ.DNGY.GN.ZS,0
Kenya,KEN,2003,Adjusted savings: energy depletion (% of GNI),NY.ADJ.DNGY.GN.ZS,0
Kenya,KEN,2002,Adjusted savings: energy depletion (% of GNI),NY.ADJ.DNGY.GN.ZS,0
Kenya,KEN,2001,Adjusted savings: energy depletion (% of GNI),NY.ADJ.DNGY.GN.ZS,0
Kenya,KEN,2000,Adjusted savings: energy depletion (% of GNI),NY.ADJ.DNGY.GN.ZS,0
Kenya,KEN,1999,Adjusted savings: energy depletion (% of GNI),NY.ADJ.DNGY.GN.ZS,0
Kenya,KEN,1998,Adjusted savings: energy depletion (% of GNI),NY.ADJ.DNGY.GN.ZS,0
Kenya,KEN,1997,Adjusted savings: energy depletion (% of GNI),NY.ADJ.DNGY.GN.ZS,0
Kenya,KEN,1996,Adjusted savings: energy depletion (% of GNI),NY.ADJ.DNGY.GN.ZS,0
Kenya,KEN,1995,Adjusted savings: energy depletion (% of GNI),NY.ADJ.DNGY.GN.ZS,0
Kenya,KEN,1994,Adjusted savings: energy depletion (% of GNI),NY.ADJ.DNGY.GN.ZS,0
Kenya,KEN,1993,Adjusted savings: energy depletion (% of GNI),NY.ADJ.DNGY.GN.ZS,0
Kenya,KEN,1992,Adjusted savings: energy depletion (% of GNI),NY.ADJ.DNGY.GN.ZS,0
Kenya,KEN,1991,Adjusted savings: energy depletion (% of GNI),NY.ADJ.DNGY.GN.ZS,0
Kenya,KEN,1990,Adjusted savings: energy depletion (% of GNI),NY.ADJ.DNGY.GN.ZS,0
Kenya,KEN,1989,Adjusted savings: energy depletion (% of GNI),NY.ADJ.DNGY.GN.ZS,0
Kenya,KEN,1988,Adjusted savings: energy depletion (% of GNI),NY.ADJ.DNGY.GN.ZS,0
Kenya,KEN,1987,Adjusted savings: energy depletion (% of GNI),NY.ADJ.DNGY.GN.ZS,0
Kenya,KEN,1986,Adjusted savings: energy depletion (% of GNI),NY.ADJ.DNGY.GN.ZS,0
Kenya,KEN,1985,Adjusted savings: energy depletion (% of GNI),NY.ADJ.DNGY.GN.ZS,0
Kenya,KEN,1984,Adjusted savings: energy depletion (% of GNI),NY.ADJ.DNGY.GN.ZS,0
Kenya,KEN,1983,Adjusted savings: energy depletion (% of GNI),NY.ADJ.DNGY.GN.ZS,0
Kenya,KEN,1982,Adjusted savings: energy depletion (% of GNI),NY.ADJ.DNGY.GN.ZS,0
Kenya,KEN,1981,Adjusted savings: energy depletion (% of GNI),NY.ADJ.DNGY.GN.ZS,0
Kenya,KEN,1980,Adjusted savings: energy depletion (% of GNI),NY.ADJ.DNGY.GN.ZS,0
Kenya,KEN,1979,Adjusted savings: energy depletion (% of GNI),NY.ADJ.DNGY.GN.ZS,0
Kenya,KEN,1978,Adjusted savings: energy depletion (% of GNI),NY.ADJ.DNGY.GN.ZS,0
Kenya,KEN,1977,Adjusted savings: energy depletion (% of GNI),NY.ADJ.DNGY.GN.ZS,0
Kenya,KEN,1976,Adjusted savings: energy depletion (% of GNI),NY.ADJ.DNGY.GN.ZS,0
Kenya,KEN,1975,Adjusted savings: energy depletion (% of GNI),NY.ADJ.DNGY.GN.ZS,0
Kenya,KEN,1974,Adjusted savings: energy depletion (% of GNI),NY.ADJ.DNGY.GN.ZS,0
Kenya,KEN,1973,Adjusted savings: energy depletion (% of GNI),NY.ADJ.DNGY.GN.ZS,0
Kenya,KEN,1972,Adjusted savings: energy depletion (% of GNI),NY.ADJ.DNGY.GN.ZS,0
Kenya,KEN,1971,Adjusted savings: energy depletion (% of GNI),NY.ADJ.DNGY.GN.ZS,0
Kenya,KEN,2020,Adjusted savings: natural resources depletion (% of GNI),NY.ADJ.DRES.GN.ZS,1.248158447
Kenya,KEN,2019,Adjusted savings: natural resources depletion (% of GNI),NY.ADJ.DRES.GN.ZS,1.250424879
Kenya,KEN,2018,Adjusted savings: natural resources depletion (% of GNI),NY.ADJ.DRES.GN.ZS,1.28096027
Kenya,KEN,2017,Adjusted savings: natural resources depletion (% of GNI),NY.ADJ.DRES.GN.ZS,2.358011917
Kenya,KEN,2016,Adjusted savings: natural resources depletion (% of GNI),NY.ADJ.DRES.GN.ZS,2.687593735
Kenya,KEN,2015,Adjusted savings: natural resources depletion (% of GNI),NY.ADJ.DRES.GN.ZS,2.997714727
Kenya,KEN,2014,Adjusted savings: natural resources depletion (% of GNI),NY.ADJ.DRES.GN.ZS,2.9515773
Kenya,KEN,2013,Adjusted savings: natural resources depletion (% of GNI),NY.ADJ.DRES.GN.ZS,2.965191746
Kenya,KEN,2012,Adjusted savings: natural resources depletion (% of GNI),NY.ADJ.DRES.GN.ZS,3.19808409
Kenya,KEN,2011,Adjusted savings: natural resources depletion (% of GNI),NY.ADJ.DRES.GN.ZS,3.233621682
Kenya,KEN,2010,Adjusted savings: natural resources depletion (% of GNI),NY.ADJ.DRES.GN.ZS,3.004607649
Kenya,KEN,2009,Adjusted savings: natural resources depletion (% of GNI),NY.ADJ.DRES.GN.ZS,3.708349236
Kenya,KEN,2008,Adjusted savings: natural resources depletion (% of GNI),NY.ADJ.DRES.GN.ZS,3.639424027
Kenya,KEN,2007,Adjusted savings: natural resources depletion (% of GNI),NY.ADJ.DRES.GN.ZS,3.633120216
Kenya,KEN,2006,Adjusted savings: natural resources depletion (% of GNI),NY.ADJ.DRES.GN.ZS,2.955844884
Kenya,KEN,2005,Adjusted savings: natural resources depletion (% of GNI),NY.ADJ.DRES.GN.ZS,4.037606282
Kenya,KEN,2004,Adjusted savings: natural resources depletion (% of GNI),NY.ADJ.DRES.GN.ZS,4.158885411
Kenya,KEN,2003,Adjusted savings: natural resources depletion (% of GNI),NY.ADJ.DRES.GN.ZS,5.138717307
Kenya,KEN,2002,Adjusted savings: natural resources depletion (% of GNI),NY.ADJ.DRES.GN.ZS,3.773644272
Kenya,KEN,2001,Adjusted savings: natural resources depletion (% of GNI),NY.ADJ.DRES.GN.ZS,3.170233533
Kenya,KEN,2000,Adjusted savings: natural resources depletion (% of GNI),NY.ADJ.DRES.GN.ZS,3.342811558
Kenya,KEN,1999,Adjusted savings: natural resources depletion (% of GNI),NY.ADJ.DRES.GN.ZS,3.310554683
Kenya,KEN,1998,Adjusted savings: natural resources depletion (% of GNI),NY.ADJ.DRES.GN.ZS,4.575627483
Kenya,KEN,1997,Adjusted savings: natural resources depletion (% of GNI),NY.ADJ.DRES.GN.ZS,4.794338642
Kenya,KEN,1996,Adjusted savings: natural resources depletion (% of GNI),NY.ADJ.DRES.GN.ZS,5.593485546
Kenya,KEN,1995,Adjusted savings: natural resources depletion (% of GNI),NY.ADJ.DRES.GN.ZS,7.552901117
Kenya,KEN,1994,Adjusted savings: natural resources depletion (% of GNI),NY.ADJ.DRES.GN.ZS,6.673182274
Kenya,KEN,1993,Adjusted savings: natural resources depletion (% of GNI),NY.ADJ.DRES.GN.ZS,7.214302409
Kenya,KEN,1992,Adjusted savings: natural resources depletion (% of GNI),NY.ADJ.DRES.GN.ZS,5.619860155
Kenya,KEN,1991,Adjusted savings: natural resources depletion (% of GNI),NY.ADJ.DRES.GN.ZS,5.44730732
Kenya,KEN,1990,Adjusted savings: natural resources depletion (% of GNI),NY.ADJ.DRES.GN.ZS,5.182834619
Kenya,KEN,1989,Adjusted savings: natural resources depletion (% of GNI),NY.ADJ.DRES.GN.ZS,4.315065009
Kenya,KEN,1988,Adjusted savings: natural resources depletion (% of GNI),NY.ADJ.DRES.GN.ZS,4.071305583
Kenya,KEN,1987,Adjusted savings: natural resources depletion (% of GNI),NY.ADJ.DRES.GN.ZS,4.034565486
Kenya,KEN,1986,Adjusted savings: natural resources depletion (% of GNI),NY.ADJ.DRES.GN.ZS,4.259046586
Kenya,KEN,1985,Adjusted savings: natural resources depletion (% of GNI),NY.ADJ.DRES.GN.ZS,3.36297872
Kenya,KEN,1984,Adjusted savings: natural resources depletion (% of GNI),NY.ADJ.DRES.GN.ZS,4.041097374
Kenya,KEN,1983,Adjusted savings: natural resources depletion (% of GNI),NY.ADJ.DRES.GN.ZS,4.321924288
Kenya,KEN,1982,Adjusted savings: natural resources depletion (% of GNI),NY.ADJ.DRES.GN.ZS,5.996432213
Kenya,KEN,1981,Adjusted savings: natural resources depletion (% of GNI),NY.ADJ.DRES.GN.ZS,3.993290031
Kenya,KEN,1980,Adjusted savings: natural resources depletion (% of GNI),NY.ADJ.DRES.GN.ZS,4.272245327
Kenya,KEN,1979,Adjusted savings: natural resources depletion (% of GNI),NY.ADJ.DRES.GN.ZS,4.205558809
Kenya,KEN,1978,Adjusted savings: natural resources depletion (% of GNI),NY.ADJ.DRES.GN.ZS,4.81524105
Kenya,KEN,1977,Adjusted savings: natural resources depletion (% of GNI),NY.ADJ.DRES.GN.ZS,5.214025393
Kenya,KEN,1976,Adjusted savings: natural resources depletion (% of GNI),NY.ADJ.DRES.GN.ZS,3.850969683
Kenya,KEN,1975,Adjusted savings: natural resources depletion (% of GNI),NY.ADJ.DRES.GN.ZS,4.304220778
Kenya,KEN,1974,Adjusted savings: natural resources depletion (% of GNI),NY.ADJ.DRES.GN.ZS,3.422612307
Kenya,KEN,1973,Adjusted savings: natural resources depletion (% of GNI),NY.ADJ.DRES.GN.ZS,3.519113904
Kenya,KEN,1972,Adjusted savings: natural resources depletion (% of GNI),NY.ADJ.DRES.GN.ZS,2.396232145
Kenya,KEN,1971,Adjusted savings: natural resources depletion (% of GNI),NY.ADJ.DRES.GN.ZS,2.571825152
Kenya,KEN,2020,Mineral rents (% of GDP),NY.GDP.MINR.RT.ZS,0.021212833
Kenya,KEN,2019,Mineral rents (% of GDP),NY.GDP.MINR.RT.ZS,0
Kenya,KEN,2018,Mineral rents (% of GDP),NY.GDP.MINR.RT.ZS,0.004458329
Kenya,KEN,2017,Mineral rents (% of GDP),NY.GDP.MINR.RT.ZS,0.005106996
Kenya,KEN,2016,Mineral rents (% of GDP),NY.GDP.MINR.RT.ZS,0.002197867
Kenya,KEN,2015,Mineral rents (% of GDP),NY.GDP.MINR.RT.ZS,0.001527757
Kenya,KEN,2014,Mineral rents (% of GDP),NY.GDP.MINR.RT.ZS,0.003104456
Kenya,KEN,2013,Mineral rents (% of GDP),NY.GDP.MINR.RT.ZS,0.044188412
Kenya,KEN,2012,Mineral rents (% of GDP),NY.GDP.MINR.RT.ZS,0.131376334
Kenya,KEN,2011,Mineral rents (% of GDP),NY.GDP.MINR.RT.ZS,0.074330822
Kenya,KEN,2010,Mineral rents (% of GDP),NY.GDP.MINR.RT.ZS,0.066700902
Kenya,KEN,2009,Mineral rents (% of GDP),NY.GDP.MINR.RT.ZS,0.024526547
Kenya,KEN,2008,Mineral rents (% of GDP),NY.GDP.MINR.RT.ZS,0.007918805
Kenya,KEN,2007,Mineral rents (% of GDP),NY.GDP.MINR.RT.ZS,0.058865865
Kenya,KEN,2006,Mineral rents (% of GDP),NY.GDP.MINR.RT.ZS,0.00912122
Kenya,KEN,2005,Mineral rents (% of GDP),NY.GDP.MINR.RT.ZS,0.006413603
Kenya,KEN,2004,Mineral rents (% of GDP),NY.GDP.MINR.RT.ZS,0.004443376
Kenya,KEN,2003,Mineral rents (% of GDP),NY.GDP.MINR.RT.ZS,0.013250154
Kenya,KEN,2002,Mineral rents (% of GDP),NY.GDP.MINR.RT.ZS,0.029161946
Kenya,KEN,2001,Mineral rents (% of GDP),NY.GDP.MINR.RT.ZS,0.024045306
Kenya,KEN,2000,Mineral rents (% of GDP),NY.GDP.MINR.RT.ZS,0.020036282
Kenya,KEN,1999,Mineral rents (% of GDP),NY.GDP.MINR.RT.ZS,0.009555595
Kenya,KEN,1998,Mineral rents (% of GDP),NY.GDP.MINR.RT.ZS,0.004794459
Kenya,KEN,1997,Mineral rents (% of GDP),NY.GDP.MINR.RT.ZS,0.007330306
Kenya,KEN,1996,Mineral rents (% of GDP),NY.GDP.MINR.RT.ZS,0.008943142
Kenya,KEN,1995,Mineral rents (% of GDP),NY.GDP.MINR.RT.ZS,0.002629052
Kenya,KEN,1994,Mineral rents (% of GDP),NY.GDP.MINR.RT.ZS,0.010334744
Kenya,KEN,1993,Mineral rents (% of GDP),NY.GDP.MINR.RT.ZS,0.009898913
Kenya,KEN,1992,Mineral rents (% of GDP),NY.GDP.MINR.RT.ZS,0.0007309
Kenya,KEN,1991,Mineral rents (% of GDP),NY.GDP.MINR.RT.ZS,0.001388014
Kenya,KEN,1990,Mineral rents (% of GDP),NY.GDP.MINR.RT.ZS,0.003663993
Kenya,KEN,1989,Mineral rents (% of GDP),NY.GDP.MINR.RT.ZS,0.001958472
Kenya,KEN,1988,Mineral rents (% of GDP),NY.GDP.MINR.RT.ZS,0.002783913
Kenya,KEN,1987,Mineral rents (% of GDP),NY.GDP.MINR.RT.ZS,0.01792794
Kenya,KEN,1986,Mineral rents (% of GDP),NY.GDP.MINR.RT.ZS,0.003442017
Kenya,KEN,1985,Mineral rents (% of GDP),NY.GDP.MINR.RT.ZS,0.000664198
Kenya,KEN,1984,Mineral rents (% of GDP),NY.GDP.MINR.RT.ZS,0.001289567
Kenya,KEN,1983,Mineral rents (% of GDP),NY.GDP.MINR.RT.ZS,0.000302597
Kenya,KEN,1982,Mineral rents (% of GDP),NY.GDP.MINR.RT.ZS,6.72E-05
Kenya,KEN,1981,Mineral rents (% of GDP),NY.GDP.MINR.RT.ZS,9.90E-05
Kenya,KEN,1980,Mineral rents (% of GDP),NY.GDP.MINR.RT.ZS,0.000636152
Kenya,KEN,1979,Mineral rents (% of GDP),NY.GDP.MINR.RT.ZS,0.000291581
Kenya,KEN,1978,Mineral rents (% of GDP),NY.GDP.MINR.RT.ZS,0
Kenya,KEN,1977,Mineral rents (% of GDP),NY.GDP.MINR.RT.ZS,0
Kenya,KEN,1976,Mineral rents (% of GDP),NY.GDP.MINR.RT.ZS,0
Kenya,KEN,1975,Mineral rents (% of GDP),NY.GDP.MINR.RT.ZS,0.001546336
Kenya,KEN,1974,Mineral rents (% of GDP),NY.GDP.MINR.RT.ZS,0.00387435
Kenya,KEN,1973,Mineral rents (% of GDP),NY.GDP.MINR.RT.ZS,0.003914924
Kenya,KEN,1972,Mineral rents (% of GDP),NY.GDP.MINR.RT.ZS,0.002487962
Kenya,KEN,1971,Mineral rents (% of GDP),NY.GDP.MINR.RT.ZS,0.003199114
Kenya,KEN,1970,Mineral rents (% of GDP),NY.GDP.MINR.RT.ZS,0.005559892
Kenya,KEN,2020,Natural gas rents (% of GDP),NY.GDP.NGAS.RT.ZS,0
Kenya,KEN,2019,Natural gas rents (% of GDP),NY.GDP.NGAS.RT.ZS,0
Kenya,KEN,2018,Natural gas rents (% of GDP),NY.GDP.NGAS.RT.ZS,0
Kenya,KEN,2017,Natural gas rents (% of GDP),NY.GDP.NGAS.RT.ZS,0
Kenya,KEN,2016,Natural gas rents (% of GDP),NY.GDP.NGAS.RT.ZS,0
Kenya,KEN,2015,Natural gas rents (% of GDP),NY.GDP.NGAS.RT.ZS,0
Kenya,KEN,2014,Natural gas rents (% of GDP),NY.GDP.NGAS.RT.ZS,0
Kenya,KEN,2013,Natural gas rents (% of GDP),NY.GDP.NGAS.RT.ZS,0
Kenya,KEN,2012,Natural gas rents (% of GDP),NY.GDP.NGAS.RT.ZS,0
Kenya,KEN,2011,Natural gas rents (% of GDP),NY.GDP.NGAS.RT.ZS,0
Kenya,KEN,2010,Natural gas rents (% of GDP),NY.GDP.NGAS.RT.ZS,0
Kenya,KEN,2009,Natural gas rents (% of GDP),NY.GDP.NGAS.RT.ZS,0
Kenya,KEN,2008,Natural gas rents (% of GDP),NY.GDP.NGAS.RT.ZS,0
Kenya,KEN,2007,Natural gas rents (% of GDP),NY.GDP.NGAS.RT.ZS,0
Kenya,KEN,2006,Natural gas rents (% of GDP),NY.GDP.NGAS.RT.ZS,0
Kenya,KEN,2005,Natural gas rents (% of GDP),NY.GDP.NGAS.RT.ZS,0
Kenya,KEN,2004,Natural gas rents (% of GDP),NY.GDP.NGAS.RT.ZS,0
Kenya,KEN,2003,Natural gas rents (% of GDP),NY.GDP.NGAS.RT.ZS,0
Kenya,KEN,2002,Natural gas rents (% of GDP),NY.GDP.NGAS.RT.ZS,0
Kenya,KEN,2001,Natural gas rents (% of GDP),NY.GDP.NGAS.RT.ZS,0
Kenya,KEN,2000,Natural gas rents (% of GDP),NY.GDP.NGAS.RT.ZS,0
Kenya,KEN,1999,Natural gas rents (% of GDP),NY.GDP.NGAS.RT.ZS,0
Kenya,KEN,1998,Natural gas rents (% of GDP),NY.GDP.NGAS.RT.ZS,0
Kenya,KEN,1997,Natural gas rents (% of GDP),NY.GDP.NGAS.RT.ZS,0
Kenya,KEN,1996,Natural gas rents (% of GDP),NY.GDP.NGAS.RT.ZS,0
Kenya,KEN,1995,Natural gas rents (% of GDP),NY.GDP.NGAS.RT.ZS,0
Kenya,KEN,1994,Natural gas rents (% of GDP),NY.GDP.NGAS.RT.ZS,0
Kenya,KEN,1993,Natural gas rents (% of GDP),NY.GDP.NGAS.RT.ZS,0
Kenya,KEN,1992,Natural gas rents (% of GDP),NY.GDP.NGAS.RT.ZS,0
Kenya,KEN,1991,Natural gas rents (% of GDP),NY.GDP.NGAS.RT.ZS,0
Kenya,KEN,1990,Natural gas rents (% of GDP),NY.GDP.NGAS.RT.ZS,0
Kenya,KEN,1989,Natural gas rents (% of GDP),NY.GDP.NGAS.RT.ZS,0
Kenya,KEN,1988,Natural gas rents (% of GDP),NY.GDP.NGAS.RT.ZS,0
Kenya,KEN,1987,Natural gas rents (% of GDP),NY.GDP.NGAS.RT.ZS,0
Kenya,KEN,1986,Natural gas rents (% of GDP),NY.GDP.NGAS.RT.ZS,0
Kenya,KEN,1985,Natural gas rents (% of GDP),NY.GDP.NGAS.RT.ZS,0
Kenya,KEN,1984,Natural gas rents (% of GDP),NY.GDP.NGAS.RT.ZS,0
Kenya,KEN,1983,Natural gas rents (% of GDP),NY.GDP.NGAS.RT.ZS,0
Kenya,KEN,1982,Natural gas rents (% of GDP),NY.GDP.NGAS.RT.ZS,0
Kenya,KEN,1981,Natural gas rents (% of GDP),NY.GDP.NGAS.RT.ZS,0
Kenya,KEN,1980,Natural gas rents (% of GDP),NY.GDP.NGAS.RT.ZS,0
Kenya,KEN,1979,Natural gas rents (% of GDP),NY.GDP.NGAS.RT.ZS,0
Kenya,KEN,1978,Natural gas rents (% of GDP),NY.GDP.NGAS.RT.ZS,0
Kenya,KEN,1977,Natural gas rents (% of GDP),NY.GDP.NGAS.RT.ZS,0
Kenya,KEN,1976,Natural gas rents (% of GDP),NY.GDP.NGAS.RT.ZS,0
Kenya,KEN,1975,Natural gas rents (% of GDP),NY.GDP.NGAS.RT.ZS,0
Kenya,KEN,1974,Natural gas rents (% of GDP),NY.GDP.NGAS.RT.ZS,0
Kenya,KEN,1973,Natural gas rents (% of GDP),NY.GDP.NGAS.RT.ZS,0
Kenya,KEN,1972,Natural gas rents (% of GDP),NY.GDP.NGAS.RT.ZS,0
Kenya,KEN,1971,Natural gas rents (% of GDP),NY.GDP.NGAS.RT.ZS,0
Kenya,KEN,2020,Oil rents (% of GDP),NY.GDP.PETR.RT.ZS,0.015808347
Kenya,KEN,2019,Oil rents (% of GDP),NY.GDP.PETR.RT.ZS,0.020973138
Kenya,KEN,2018,Oil rents (% of GDP),NY.GDP.PETR.RT.ZS,0.005041077
Kenya,KEN,2017,Oil rents (% of GDP),NY.GDP.PETR.RT.ZS,0
Kenya,KEN,2016,Oil rents (% of GDP),NY.GDP.PETR.RT.ZS,0
Kenya,KEN,2015,Oil rents (% of GDP),NY.GDP.PETR.RT.ZS,0
Kenya,KEN,2014,Oil rents (% of GDP),NY.GDP.PETR.RT.ZS,0
Kenya,KEN,2013,Oil rents (% of GDP),NY.GDP.PETR.RT.ZS,0
Kenya,KEN,2012,Oil rents (% of GDP),NY.GDP.PETR.RT.ZS,0
Kenya,KEN,2011,Oil rents (% of GDP),NY.GDP.PETR.RT.ZS,0
Kenya,KEN,2010,Oil rents (% of GDP),NY.GDP.PETR.RT.ZS,0
Kenya,KEN,2009,Oil rents (% of GDP),NY.GDP.PETR.RT.ZS,0
Kenya,KEN,2008,Oil rents (% of GDP),NY.GDP.PETR.RT.ZS,0
Kenya,KEN,2007,Oil rents (% of GDP),NY.GDP.PETR.RT.ZS,0
Kenya,KEN,2006,Oil rents (% of GDP),NY.GDP.PETR.RT.ZS,0
Kenya,KEN,2005,Oil rents (% of GDP),NY.GDP.PETR.RT.ZS,0
Kenya,KEN,2004,Oil rents (% of GDP),NY.GDP.PETR.RT.ZS,0
Kenya,KEN,2003,Oil rents (% of GDP),NY.GDP.PETR.RT.ZS,0
Kenya,KEN,2002,Oil rents (% of GDP),NY.GDP.PETR.RT.ZS,0
Kenya,KEN,2001,Oil rents (% of GDP),NY.GDP.PETR.RT.ZS,0
Kenya,KEN,2000,Oil rents (% of GDP),NY.GDP.PETR.RT.ZS,0
Kenya,KEN,1999,Oil rents (% of GDP),NY.GDP.PETR.RT.ZS,0
Kenya,KEN,1998,Oil rents (% of GDP),NY.GDP.PETR.RT.ZS,0
Kenya,KEN,1997,Oil rents (% of GDP),NY.GDP.PETR.RT.ZS,0
Kenya,KEN,1996,Oil rents (% of GDP),NY.GDP.PETR.RT.ZS,0
Kenya,KEN,1995,Oil rents (% of GDP),NY.GDP.PETR.RT.ZS,0
Kenya,KEN,1994,Oil rents (% of GDP),NY.GDP.PETR.RT.ZS,0
Kenya,KEN,1993,Oil rents (% of GDP),NY.GDP.PETR.RT.ZS,0
Kenya,KEN,1992,Oil rents (% of GDP),NY.GDP.PETR.RT.ZS,0
Kenya,KEN,1991,Oil rents (% of GDP),NY.GDP.PETR.RT.ZS,0
Kenya,KEN,1990,Oil rents (% of GDP),NY.GDP.PETR.RT.ZS,0
Kenya,KEN,1989,Oil rents (% of GDP),NY.GDP.PETR.RT.ZS,0
Kenya,KEN,1988,Oil rents (% of GDP),NY.GDP.PETR.RT.ZS,0
Kenya,KEN,1987,Oil rents (% of GDP),NY.GDP.PETR.RT.ZS,0
Kenya,KEN,1986,Oil rents (% of GDP),NY.GDP.PETR.RT.ZS,0
Kenya,KEN,1985,Oil rents (% of GDP),NY.GDP.PETR.RT.ZS,0
Kenya,KEN,1984,Oil rents (% of GDP),NY.GDP.PETR.RT.ZS,0
Kenya,KEN,1983,Oil rents (% of GDP),NY.GDP.PETR.RT.ZS,0
Kenya,KEN,1982,Oil rents (% of GDP),NY.GDP.PETR.RT.ZS,0
Kenya,KEN,1981,Oil rents (% of GDP),NY.GDP.PETR.RT.ZS,0
Kenya,KEN,1980,Oil rents (% of GDP),NY.GDP.PETR.RT.ZS,0
Kenya,KEN,1979,Oil rents (% of GDP),NY.GDP.PETR.RT.ZS,0
Kenya,KEN,1978,Oil rents (% of GDP),NY.GDP.PETR.RT.ZS,0
Kenya,KEN,1977,Oil rents (% of GDP),NY.GDP.PETR.RT.ZS,0
Kenya,KEN,1976,Oil rents (% of GDP),NY.GDP.PETR.RT.ZS,0
Kenya,KEN,1975,Oil rents (% of GDP),NY.GDP.PETR.RT.ZS,0
Kenya,KEN,1974,Oil rents (% of GDP),NY.GDP.PETR.RT.ZS,0
Kenya,KEN,1973,Oil rents (% of GDP),NY.GDP.PETR.RT.ZS,0
Kenya,KEN,1972,Oil rents (% of GDP),NY.GDP.PETR.RT.ZS,0
Kenya,KEN,1971,Oil rents (% of GDP),NY.GDP.PETR.RT.ZS,0
Kenya,KEN,2020,Total natural resources rents (% of GDP),NY.GDP.TOTL.RT.ZS,1.239654856
Kenya,KEN,2019,Total natural resources rents (% of GDP),NY.GDP.TOTL.RT.ZS,1.23901197
Kenya,KEN,2018,Total natural resources rents (% of GDP),NY.GDP.TOTL.RT.ZS,1.264759001
Kenya,KEN,2017,Total natural resources rents (% of GDP),NY.GDP.TOTL.RT.ZS,2.315838095
Kenya,KEN,2016,Total natural resources rents (% of GDP),NY.GDP.TOTL.RT.ZS,2.651811242
Kenya,KEN,2015,Total natural resources rents (% of GDP),NY.GDP.TOTL.RT.ZS,2.702006808
Kenya,KEN,2014,Total natural resources rents (% of GDP),NY.GDP.TOTL.RT.ZS,2.619218146
Kenya,KEN,2013,Total natural resources rents (% of GDP),NY.GDP.TOTL.RT.ZS,2.630515601
Kenya,KEN,2012,Total natural resources rents (% of GDP),NY.GDP.TOTL.RT.ZS,2.881534557
Kenya,KEN,2011,Total natural resources rents (% of GDP),NY.GDP.TOTL.RT.ZS,2.914281387
Kenya,KEN,2010,Total natural resources rents (% of GDP),NY.GDP.TOTL.RT.ZS,2.656441074
Kenya,KEN,2009,Total natural resources rents (% of GDP),NY.GDP.TOTL.RT.ZS,3.245723735
Kenya,KEN,2008,Total natural resources rents (% of GDP),NY.GDP.TOTL.RT.ZS,3.638868734
Kenya,KEN,2007,Total natural resources rents (% of GDP),NY.GDP.TOTL.RT.ZS,3.633898494
Kenya,KEN,2006,Total natural resources rents (% of GDP),NY.GDP.TOTL.RT.ZS,2.950418509
Kenya,KEN,2005,Total natural resources rents (% of GDP),NY.GDP.TOTL.RT.ZS,4.0380771
Kenya,KEN,2004,Total natural resources rents (% of GDP),NY.GDP.TOTL.RT.ZS,4.123678129
Kenya,KEN,2003,Total natural resources rents (% of GDP),NY.GDP.TOTL.RT.ZS,5.085421396
Kenya,KEN,2002,Total natural resources rents (% of GDP),NY.GDP.TOTL.RT.ZS,3.739543911
Kenya,KEN,2001,Total natural resources rents (% of GDP),NY.GDP.TOTL.RT.ZS,3.141620668
Kenya,KEN,2000,Total natural resources rents (% of GDP),NY.GDP.TOTL.RT.ZS,3.313967549
Kenya,KEN,1999,Total natural resources rents (% of GDP),NY.GDP.TOTL.RT.ZS,3.268707204
Kenya,KEN,1998,Total natural resources rents (% of GDP),NY.GDP.TOTL.RT.ZS,4.534393483
Kenya,KEN,1997,Total natural resources rents (% of GDP),NY.GDP.TOTL.RT.ZS,4.732982183
Kenya,KEN,1996,Total natural resources rents (% of GDP),NY.GDP.TOTL.RT.ZS,5.490762576
Kenya,KEN,1995,Total natural resources rents (% of GDP),NY.GDP.TOTL.RT.ZS,7.286247497
Kenya,KEN,1994,Total natural resources rents (% of GDP),NY.GDP.TOTL.RT.ZS,6.337797721
Kenya,KEN,1993,Total natural resources rents (% of GDP),NY.GDP.TOTL.RT.ZS,6.771410783
Kenya,KEN,1992,Total natural resources rents (% of GDP),NY.GDP.TOTL.RT.ZS,5.377811359
Kenya,KEN,1991,Total natural resources rents (% of GDP),NY.GDP.TOTL.RT.ZS,5.198748487
Kenya,KEN,1990,Total natural resources rents (% of GDP),NY.GDP.TOTL.RT.ZS,4.963898607
Kenya,KEN,1989,Total natural resources rents (% of GDP),NY.GDP.TOTL.RT.ZS,4.189091102
Kenya,KEN,1988,Total natural resources rents (% of GDP),NY.GDP.TOTL.RT.ZS,3.915231385
Kenya,KEN,1987,Total natural resources rents (% of GDP),NY.GDP.TOTL.RT.ZS,3.905212605
Kenya,KEN,1986,Total natural resources rents (% of GDP),NY.GDP.TOTL.RT.ZS,4.120500083
Kenya,KEN,1985,Total natural resources rents (% of GDP),NY.GDP.TOTL.RT.ZS,3.24872576
Kenya,KEN,1984,Total natural resources rents (% of GDP),NY.GDP.TOTL.RT.ZS,3.909024638
Kenya,KEN,1983,Total natural resources rents (% of GDP),NY.GDP.TOTL.RT.ZS,4.184524791
Kenya,KEN,1982,Total natural resources rents (% of GDP),NY.GDP.TOTL.RT.ZS,5.759296203
Kenya,KEN,1981,Total natural resources rents (% of GDP),NY.GDP.TOTL.RT.ZS,3.86834519
Kenya,KEN,1980,Total natural resources rents (% of GDP),NY.GDP.TOTL.RT.ZS,4.142263059
Kenya,KEN,1979,Total natural resources rents (% of GDP),NY.GDP.TOTL.RT.ZS,4.054321866
Kenya,KEN,1978,Total natural resources rents (% of GDP),NY.GDP.TOTL.RT.ZS,4.644966755
Kenya,KEN,1977,Total natural resources rents (% of GDP),NY.GDP.TOTL.RT.ZS,5.030422483
Kenya,KEN,1976,Total natural resources rents (% of GDP),NY.GDP.TOTL.RT.ZS,3.693559641
Kenya,KEN,1975,Total natural resources rents (% of GDP),NY.GDP.TOTL.RT.ZS,4.182181258
Kenya,KEN,1974,Total natural resources rents (% of GDP),NY.GDP.TOTL.RT.ZS,3.307890462
Kenya,KEN,1973,Total natural resources rents (% of GDP),NY.GDP.TOTL.RT.ZS,3.377241695
Kenya,KEN,1972,Total natural resources rents (% of GDP),NY.GDP.TOTL.RT.ZS,2.358594356
Kenya,KEN,1971,Total natural resources rents (% of GDP),NY.GDP.TOTL.RT.ZS,2.537638517
Kenya,KEN,1970,Total natural resources rents (% of GDP),NY.GDP.TOTL.RT.ZS,3.263069232
Kenya,KEN,2021,Fuel imports (% of merchandise imports),TM.VAL.FUEL.ZS.UN,17.90587639
Kenya,KEN,2020,Fuel imports (% of merchandise imports),TM.VAL.FUEL.ZS.UN,14.12686076
Kenya,KEN,2019,Fuel imports (% of merchandise imports),TM.VAL.FUEL.ZS.UN,19.22293175
Kenya,KEN,2018,Fuel imports (% of merchandise imports),TM.VAL.FUEL.ZS.UN,19.47988172
Kenya,KEN,2017,Fuel imports (% of merchandise imports),TM.VAL.FUEL.ZS.UN,16.34585555
Kenya,KEN,2016,Fuel imports (% of merchandise imports),TM.VAL.FUEL.ZS.UN,14.78628689
Kenya,KEN,2015,Fuel imports (% of merchandise imports),TM.VAL.FUEL.ZS.UN,15.44700021
Kenya,KEN,2013,Fuel imports (% of merchandise imports),TM.VAL.FUEL.ZS.UN,23.60754346
Kenya,KEN,2010,Fuel imports (% of merchandise imports),TM.VAL.FUEL.ZS.UN,22.08075362
Kenya,KEN,2009,Fuel imports (% of merchandise imports),TM.VAL.FUEL.ZS.UN,21.4383093
Kenya,KEN,2008,Fuel imports (% of merchandise imports),TM.VAL.FUEL.ZS.UN,27.22340046
Kenya,KEN,2007,Fuel imports (% of merchandise imports),TM.VAL.FUEL.ZS.UN,21.33061422
Kenya,KEN,2006,Fuel imports (% of merchandise imports),TM.VAL.FUEL.ZS.UN,24.19966089
Kenya,KEN,2005,Fuel imports (% of merchandise imports),TM.VAL.FUEL.ZS.UN,22.93630945
Kenya,KEN,2004,Fuel imports (% of merchandise imports),TM.VAL.FUEL.ZS.UN,24.27808399
Kenya,KEN,2003,Fuel imports (% of merchandise imports),TM.VAL.FUEL.ZS.UN,23.09089749
Kenya,KEN,2002,Fuel imports (% of merchandise imports),TM.VAL.FUEL.ZS.UN,15.15244578
Kenya,KEN,2001,Fuel imports (% of merchandise imports),TM.VAL.FUEL.ZS.UN,20.8680799
Kenya,KEN,2000,Fuel imports (% of merchandise imports),TM.VAL.FUEL.ZS.UN,22.19580906
Kenya,KEN,1999,Fuel imports (% of merchandise imports),TM.VAL.FUEL.ZS.UN,15.76675225
Kenya,KEN,1998,Fuel imports (% of merchandise imports),TM.VAL.FUEL.ZS.UN,17.49935414
Kenya,KEN,1997,Fuel imports (% of merchandise imports),TM.VAL.FUEL.ZS.UN,16.16920862
Kenya,KEN,1996,Fuel imports (% of merchandise imports),TM.VAL.FUEL.ZS.UN,16.41862432
Kenya,KEN,1995,Fuel imports (% of merchandise imports),TM.VAL.FUEL.ZS.UN,14.67100955
Kenya,KEN,1994,Fuel imports (% of merchandise imports),TM.VAL.FUEL.ZS.UN,12.52936874
Kenya,KEN,1993,Fuel imports (% of merchandise imports),TM.VAL.FUEL.ZS.UN,14.9221032
Kenya,KEN,1992,Fuel imports (% of merchandise imports),TM.VAL.FUEL.ZS.UN,25.15340645
Kenya,KEN,1991,Fuel imports (% of merchandise imports),TM.VAL.FUEL.ZS.UN,18.62245149
Kenya,KEN,1990,Fuel imports (% of merchandise imports),TM.VAL.FUEL.ZS.UN,19.88193519
Kenya,KEN,1987,Fuel imports (% of merchandise imports),TM.VAL.FUEL.ZS.UN,20.05501578
Kenya,KEN,1986,Fuel imports (% of merchandise imports),TM.VAL.FUEL.ZS.UN,18.18106879
Kenya,KEN,1985,Fuel imports (% of merchandise imports),TM.VAL.FUEL.ZS.UN,31.68135866
Kenya,KEN,1984,Fuel imports (% of merchandise imports),TM.VAL.FUEL.ZS.UN,30.6297178
Kenya,KEN,1983,Fuel imports (% of merchandise imports),TM.VAL.FUEL.ZS.UN,36.32199479
Kenya,KEN,1982,Fuel imports (% of merchandise imports),TM.VAL.FUEL.ZS.UN,37.13517374
Kenya,KEN,1981,Fuel imports (% of merchandise imports),TM.VAL.FUEL.ZS.UN,37.32050798
Kenya,KEN,1980,Fuel imports (% of merchandise imports),TM.VAL.FUEL.ZS.UN,33.86399029
Kenya,KEN,1979,Fuel imports (% of merchandise imports),TM.VAL.FUEL.ZS.UN,23.90678999
Kenya,KEN,1978,Fuel imports (% of merchandise imports),TM.VAL.FUEL.ZS.UN,18.02412083
Kenya,KEN,1977,Fuel imports (% of merchandise imports),TM.VAL.FUEL.ZS.UN,22.25359825
Kenya,KEN,1976,Fuel imports (% of merchandise imports),TM.VAL.FUEL.ZS.UN,25.73117505
Kenya,KEN,2021,Ores and metals imports (% of merchandise imports),TM.VAL.MMTL.ZS.UN,1.143782313
Kenya,KEN,2020,Ores and metals imports (% of merchandise imports),TM.VAL.MMTL.ZS.UN,1.387453707
Kenya,KEN,2019,Ores and metals imports (% of merchandise imports),TM.VAL.MMTL.ZS.UN,1.231046627
Kenya,KEN,2018,Ores and metals imports (% of merchandise imports),TM.VAL.MMTL.ZS.UN,1.210904794
Kenya,KEN,2017,Ores and metals imports (% of merchandise imports),TM.VAL.MMTL.ZS.UN,1.251587476
Kenya,KEN,2016,Ores and metals imports (% of merchandise imports),TM.VAL.MMTL.ZS.UN,1.437595212
Kenya,KEN,2015,Ores and metals imports (% of merchandise imports),TM.VAL.MMTL.ZS.UN,1.377285156
Kenya,KEN,2013,Ores and metals imports (% of merchandise imports),TM.VAL.MMTL.ZS.UN,1.345128642
Kenya,KEN,2010,Ores and metals imports (% of merchandise imports),TM.VAL.MMTL.ZS.UN,1.515471494
Kenya,KEN,2009,Ores and metals imports (% of merchandise imports),TM.VAL.MMTL.ZS.UN,1.606170801
Kenya,KEN,2008,Ores and metals imports (% of merchandise imports),TM.VAL.MMTL.ZS.UN,1.690813732
Kenya,KEN,2007,Ores and metals imports (% of merchandise imports),TM.VAL.MMTL.ZS.UN,2.184541467
Kenya,KEN,2006,Ores and metals imports (% of merchandise imports),TM.VAL.MMTL.ZS.UN,2.008548039
Kenya,KEN,2005,Ores and metals imports (% of merchandise imports),TM.VAL.MMTL.ZS.UN,1.474190206
Kenya,KEN,2004,Ores and metals imports (% of merchandise imports),TM.VAL.MMTL.ZS.UN,1.579917654
Kenya,KEN,2003,Ores and metals imports (% of merchandise imports),TM.VAL.MMTL.ZS.UN,1.451155894
Kenya,KEN,2002,Ores and metals imports (% of merchandise imports),TM.VAL.MMTL.ZS.UN,1.288323756
Kenya,KEN,2001,Ores and metals imports (% of merchandise imports),TM.VAL.MMTL.ZS.UN,1.40831157
Kenya,KEN,2000,Ores and metals imports (% of merchandise imports),TM.VAL.MMTL.ZS.UN,1.480338455
Kenya,KEN,1999,Ores and metals imports (% of merchandise imports),TM.VAL.MMTL.ZS.UN,1.467333187
Kenya,KEN,1998,Ores and metals imports (% of merchandise imports),TM.VAL.MMTL.ZS.UN,1.52603577
Kenya,KEN,1997,Ores and metals imports (% of merchandise imports),TM.VAL.MMTL.ZS.UN,1.653245859
Kenya,KEN,1996,Ores and metals imports (% of merchandise imports),TM.VAL.MMTL.ZS.UN,1.743153854
Kenya,KEN,1995,Ores and metals imports (% of merchandise imports),TM.VAL.MMTL.ZS.UN,2.024684015
Kenya,KEN,1994,Ores and metals imports (% of merchandise imports),TM.VAL.MMTL.ZS.UN,1.799196285
Kenya,KEN,1993,Ores and metals imports (% of merchandise imports),TM.VAL.MMTL.ZS.UN,2.338367552
Kenya,KEN,1992,Ores and metals imports (% of merchandise imports),TM.VAL.MMTL.ZS.UN,1.960488707
Kenya,KEN,1991,Ores and metals imports (% of merchandise imports),TM.VAL.MMTL.ZS.UN,1.777690756
Kenya,KEN,1990,Ores and metals imports (% of merchandise imports),TM.VAL.MMTL.ZS.UN,2.078077991
Kenya,KEN,1987,Ores and metals imports (% of merchandise imports),TM.VAL.MMTL.ZS.UN,1.870934687
Kenya,KEN,1986,Ores and metals imports (% of merchandise imports),TM.VAL.MMTL.ZS.UN,1.47608039
Kenya,KEN,1985,Ores and metals imports (% of merchandise imports),TM.VAL.MMTL.ZS.UN,1.316542297
Kenya,KEN,1984,Ores and metals imports (% of merchandise imports),TM.VAL.MMTL.ZS.UN,1.484284356
Kenya,KEN,1983,Ores and metals imports (% of merchandise imports),TM.VAL.MMTL.ZS.UN,1.42248767
Kenya,KEN,1982,Ores and metals imports (% of merchandise imports),TM.VAL.MMTL.ZS.UN,1.10567447
Kenya,KEN,1981,Ores and metals imports (% of merchandise imports),TM.VAL.MMTL.ZS.UN,1.092768744
Kenya,KEN,1980,Ores and metals imports (% of merchandise imports),TM.VAL.MMTL.ZS.UN,1.270943709
Kenya,KEN,1979,Ores and metals imports (% of merchandise imports),TM.VAL.MMTL.ZS.UN,1.40952275
Kenya,KEN,1978,Ores and metals imports (% of merchandise imports),TM.VAL.MMTL.ZS.UN,1.476661763
Kenya,KEN,1977,Ores and metals imports (% of merchandise imports),TM.VAL.MMTL.ZS.UN,1.643577579
Kenya,KEN,1976,Ores and metals imports (% of merchandise imports),TM.VAL.MMTL.ZS.UN,1.326910716
Kenya,KEN,2021,Fuel exports (% of merchandise exports),TX.VAL.FUEL.ZS.UN,0.924149796
Kenya,KEN,2020,Fuel exports (% of merchandise exports),TX.VAL.FUEL.ZS.UN,6.748324614
Kenya,KEN,2019,Fuel exports (% of merchandise exports),TX.VAL.FUEL.ZS.UN,7.73708033
Kenya,KEN,2018,Fuel exports (% of merchandise exports),TX.VAL.FUEL.ZS.UN,0.834754874
Kenya,KEN,2017,Fuel exports (% of merchandise exports),TX.VAL.FUEL.ZS.UN,1.006025734
Kenya,KEN,2016,Fuel exports (% of merchandise exports),TX.VAL.FUEL.ZS.UN,7.463557566
Kenya,KEN,2015,Fuel exports (% of merchandise exports),TX.VAL.FUEL.ZS.UN,10.40020547
Kenya,KEN,2013,Fuel exports (% of merchandise exports),TX.VAL.FUEL.ZS.UN,0.938271963
Kenya,KEN,2010,Fuel exports (% of merchandise exports),TX.VAL.FUEL.ZS.UN,4.19535074
Kenya,KEN,2009,Fuel exports (% of merchandise exports),TX.VAL.FUEL.ZS.UN,4.20130504
Kenya,KEN,2008,Fuel exports (% of merchandise exports),TX.VAL.FUEL.ZS.UN,2.098216771
Kenya,KEN,2007,Fuel exports (% of merchandise exports),TX.VAL.FUEL.ZS.UN,4.263711221
Kenya,KEN,2006,Fuel exports (% of merchandise exports),TX.VAL.FUEL.ZS.UN,7.272915301
Kenya,KEN,2005,Fuel exports (% of merchandise exports),TX.VAL.FUEL.ZS.UN,18.31992266
Kenya,KEN,2004,Fuel exports (% of merchandise exports),TX.VAL.FUEL.ZS.UN,0.901139664
Kenya,KEN,2003,Fuel exports (% of merchandise exports),TX.VAL.FUEL.ZS.UN,19.15510449
Kenya,KEN,2002,Fuel exports (% of merchandise exports),TX.VAL.FUEL.ZS.UN,16.61653423
Kenya,KEN,2001,Fuel exports (% of merchandise exports),TX.VAL.FUEL.ZS.UN,0.137453898
Kenya,KEN,2000,Fuel exports (% of merchandise exports),TX.VAL.FUEL.ZS.UN,8.07794916
Kenya,KEN,1999,Fuel exports (% of merchandise exports),TX.VAL.FUEL.ZS.UN,8.350682046
Kenya,KEN,1998,Fuel exports (% of merchandise exports),TX.VAL.FUEL.ZS.UN,8.569098511
Kenya,KEN,1997,Fuel exports (% of merchandise exports),TX.VAL.FUEL.ZS.UN,9.305891545
Kenya,KEN,1996,Fuel exports (% of merchandise exports),TX.VAL.FUEL.ZS.UN,6.995792267
Kenya,KEN,1995,Fuel exports (% of merchandise exports),TX.VAL.FUEL.ZS.UN,6.140491766
Kenya,KEN,1994,Fuel exports (% of merchandise exports),TX.VAL.FUEL.ZS.UN,4.122781105
Kenya,KEN,1993,Fuel exports (% of merchandise exports),TX.VAL.FUEL.ZS.UN,9.375279587
Kenya,KEN,1992,Fuel exports (% of merchandise exports),TX.VAL.FUEL.ZS.UN,11.31551143
Kenya,KEN,1991,Fuel exports (% of merchandise exports),TX.VAL.FUEL.ZS.UN,16.7874038
Kenya,KEN,1990,Fuel exports (% of merchandise exports),TX.VAL.FUEL.ZS.UN,13.10135783
Kenya,KEN,1987,Fuel exports (% of merchandise exports),TX.VAL.FUEL.ZS.UN,13.5612588
Kenya,KEN,1986,Fuel exports (% of merchandise exports),TX.VAL.FUEL.ZS.UN,11.41975128
Kenya,KEN,1985,Fuel exports (% of merchandise exports),TX.VAL.FUEL.ZS.UN,16.26826328
Kenya,KEN,1984,Fuel exports (% of merchandise exports),TX.VAL.FUEL.ZS.UN,18.91958418
Kenya,KEN,1983,Fuel exports (% of merchandise exports),TX.VAL.FUEL.ZS.UN,20.50229738
Kenya,KEN,1982,Fuel exports (% of merchandise exports),TX.VAL.FUEL.ZS.UN,27.39815918
Kenya,KEN,1981,Fuel exports (% of merchandise exports),TX.VAL.FUEL.ZS.UN,31.97618285
Kenya,KEN,1980,Fuel exports (% of merchandise exports),TX.VAL.FUEL.ZS.UN,33.40114961
Kenya,KEN,1979,Fuel exports (% of merchandise exports),TX.VAL.FUEL.ZS.UN,20.07808471
Kenya,KEN,1978,Fuel exports (% of merchandise exports),TX.VAL.FUEL.ZS.UN,18.83357161
Kenya,KEN,1977,Fuel exports (% of merchandise exports),TX.VAL.FUEL.ZS.UN,17.4863845
Kenya,KEN,1976,Fuel exports (% of merchandise exports),TX.VAL.FUEL.ZS.UN,21.95588721
Kenya,KEN,2021,Ores and metals exports (% of merchandise exports),TX.VAL.MMTL.ZS.UN,6.387467798
Kenya,KEN,2020,Ores and metals exports (% of merchandise exports),TX.VAL.MMTL.ZS.UN,5.132656328
Kenya,KEN,2019,Ores and metals exports (% of merchandise exports),TX.VAL.MMTL.ZS.UN,4.985782174
Kenya,KEN,2018,Ores and metals exports (% of merchandise exports),TX.VAL.MMTL.ZS.UN,5.995356176
Kenya,KEN,2017,Ores and metals exports (% of merchandise exports),TX.VAL.MMTL.ZS.UN,5.363543947
Kenya,KEN,2016,Ores and metals exports (% of merchandise exports),TX.VAL.MMTL.ZS.UN,4.264898395
Kenya,KEN,2015,Ores and metals exports (% of merchandise exports),TX.VAL.MMTL.ZS.UN,4.087410663
Kenya,KEN,2013,Ores and metals exports (% of merchandise exports),TX.VAL.MMTL.ZS.UN,2.205748185
Kenya,KEN,2010,Ores and metals exports (% of merchandise exports),TX.VAL.MMTL.ZS.UN,1.985246144
Kenya,KEN,2009,Ores and metals exports (% of merchandise exports),TX.VAL.MMTL.ZS.UN,1.965244083
Kenya,KEN,2008,Ores and metals exports (% of merchandise exports),TX.VAL.MMTL.ZS.UN,3.221609445
Kenya,KEN,2007,Ores and metals exports (% of merchandise exports),TX.VAL.MMTL.ZS.UN,2.826777927
Kenya,KEN,2006,Ores and metals exports (% of merchandise exports),TX.VAL.MMTL.ZS.UN,2.459407134
Kenya,KEN,2005,Ores and metals exports (% of merchandise exports),TX.VAL.MMTL.ZS.UN,1.935684676
Kenya,KEN,2004,Ores and metals exports (% of merchandise exports),TX.VAL.MMTL.ZS.UN,5.508200951
Kenya,KEN,2003,Ores and metals exports (% of merchandise exports),TX.VAL.MMTL.ZS.UN,2.954355608
Kenya,KEN,2002,Ores and metals exports (% of merchandise exports),TX.VAL.MMTL.ZS.UN,2.178588072
Kenya,KEN,2001,Ores and metals exports (% of merchandise exports),TX.VAL.MMTL.ZS.UN,3.50360665
Kenya,KEN,2000,Ores and metals exports (% of merchandise exports),TX.VAL.MMTL.ZS.UN,3.159928519
Kenya,KEN,1999,Ores and metals exports (% of merchandise exports),TX.VAL.MMTL.ZS.UN,2.89757544
Kenya,KEN,1998,Ores and metals exports (% of merchandise exports),TX.VAL.MMTL.ZS.UN,2.641518106
Kenya,KEN,1997,Ores and metals exports (% of merchandise exports),TX.VAL.MMTL.ZS.UN,2.814784681
Kenya,KEN,1996,Ores and metals exports (% of merchandise exports),TX.VAL.MMTL.ZS.UN,2.74478502
Kenya,KEN,1995,Ores and metals exports (% of merchandise exports),TX.VAL.MMTL.ZS.UN,2.798110462
Kenya,KEN,1994,Ores and metals exports (% of merchandise exports),TX.VAL.MMTL.ZS.UN,2.604813464
Kenya,KEN,1993,Ores and metals exports (% of merchandise exports),TX.VAL.MMTL.ZS.UN,2.880214471
Kenya,KEN,1992,Ores and metals exports (% of merchandise exports),TX.VAL.MMTL.ZS.UN,2.370970821
Kenya,KEN,1991,Ores and metals exports (% of merchandise exports),TX.VAL.MMTL.ZS.UN,3.306118525
Kenya,KEN,1990,Ores and metals exports (% of merchandise exports),TX.VAL.MMTL.ZS.UN,2.904879985
Kenya,KEN,1987,Ores and metals exports (% of merchandise exports),TX.VAL.MMTL.ZS.UN,2.597217009
Kenya,KEN,1986,Ores and metals exports (% of merchandise exports),TX.VAL.MMTL.ZS.UN,2.050675041
Kenya,KEN,1985,Ores and metals exports (% of merchandise exports),TX.VAL.MMTL.ZS.UN,2.445061723
Kenya,KEN,1984,Ores and metals exports (% of merchandise exports),TX.VAL.MMTL.ZS.UN,2.063852478
Kenya,KEN,1983,Ores and metals exports (% of merchandise exports),TX.VAL.MMTL.ZS.UN,2.13004947
Kenya,KEN,1982,Ores and metals exports (% of merchandise exports),TX.VAL.MMTL.ZS.UN,2.396928404
Kenya,KEN,1981,Ores and metals exports (% of merchandise exports),TX.VAL.MMTL.ZS.UN,4.011628167
Kenya,KEN,1980,Ores and metals exports (% of merchandise exports),TX.VAL.MMTL.ZS.UN,2.477027566
Kenya,KEN,1979,Ores and metals exports (% of merchandise exports),TX.VAL.MMTL.ZS.UN,0.76109788
Kenya,KEN,1978,Ores and metals exports (% of merchandise exports),TX.VAL.MMTL.ZS.UN,0.856728598
Kenya,KEN,1977,Ores and metals exports (% of merchandise exports),TX.VAL.MMTL.ZS.UN,0.700331052
Kenya,KEN,1976,Ores and metals exports (% of merchandise exports),TX.VAL.MMTL.ZS.UN,1.05149932